prefCode,population_type,year,value,rate
1,総人口,1960,5039206,
1,総人口,1965,5171800,
1,総人口,1970,5184287,
1,総人口,1975,5338206,
1,総人口,1980,5575989,
1,総人口,1985,5679439,
1,総人口,1990,5643647,
1,総人口,1995,5692321,
1,総人口,2000,5683062,
1,総人口,2005,5627737,
1,総人口,2010,5506419,
1,総人口,2015,5381733,
1,総人口,2020,5216615,
1,総人口,2025,5016554,
1,総人口,2030,4791592,
1,総人口,2035,4546357,
1,総人口,2040,4280427,
1,総人口,2045,4004973,
1,年少人口,1960,1681479,33.3
1,年少人口,1965,1462123,28.2
1,年少人口,1970,1309487,25.2
1,年少人口,1975,1312611,24.5
1,年少人口,1980,1298324,23.2
1,年少人口,1985,1217959,21.4
1,年少人口,1990,1034251,18.3
1,年少人口,1995,898673,15.7
1,年少人口,2000,792352,13.9
1,年少人口,2005,719057,12.7
1,年少人口,2010,657312,11.9
1,年少人口,2015,608296,11.3
1,年少人口,2020,561558,10.7
1,年少人口,2025,511677,10.1
1,年少人口,2030,465307,9.7
1,年少人口,2035,423382,9.3
1,年少人口,2040,391086,9.1
1,年少人口,2045,360177,8.9
1,生産年齢人口,1960,3145664,62.4
1,生産年齢人口,1965,3460359,66.9
1,生産年齢人口,1970,3575731,68.9
1,生産年齢人口,1975,3657884,68.5
1,生産年齢人口,1980,3823808,68.5
1,生産年齢人口,1985,3910729,68.8
1,生産年齢人口,1990,3924717,69.5
1,生産年齢人口,1995,3942868,69.2
1,生産年齢人口,2000,3832902,67.4
1,生産年齢人口,2005,3696064,65.6
1,生産年齢人口,2010,3482169,63.2
1,生産年齢人口,2015,3190804,59.2
1,生産年齢人口,2020,2959481,56.7
1,生産年齢人口,2025,2781175,55.4
1,生産年齢人口,2030,2594718,54.1
1,生産年齢人口,2035,2394230,52.6
1,生産年齢人口,2040,2140781,50.0
1,生産年齢人口,2045,1931265,48.2
1,老年人口,1960,212063,4.2
1,老年人口,1965,249318,4.8
1,老年人口,1970,299069,5.7
1,老年人口,1975,366651,6.8
1,老年人口,1980,451727,8.1
1,老年人口,1985,549487,9.6
1,老年人口,1990,674881,11.9
1,老年人口,1995,844927,14.8
1,老年人口,2000,1031552,18.1
1,老年人口,2005,1205692,21.4
1,老年人口,2010,1358068,24.6
1,老年人口,2015,1558387,28.9
1,老年人口,2020,1695576,32.5
1,老年人口,2025,1723702,34.3
1,老年人口,2030,1731567,36.1
1,老年人口,2035,1728745,38.0
1,老年人口,2040,1748560,40.8
1,老年人口,2045,1713531,42.7
2,総人口,1960,1426606,
2,総人口,1965,1416591,
2,総人口,1970,1427520,
2,総人口,1975,1468646,
2,総人口,1980,1523907,
2,総人口,1985,1524448,
2,総人口,1990,1482873,
2,総人口,1995,1481663,
2,総人口,2000,1475728,
2,総人口,2005,1436657,
2,総人口,2010,1373339,
2,総人口,2015,1308265,
2,総人口,2020,1235971,
2,総人口,2025,1157332,
2,総人口,2030,1076393,
2,総人口,2035,993737,
2,総人口,2040,908974,
2,総人口,2045,823610,
2,年少人口,1960,513397,35.9
2,年少人口,1965,447068,31.5
2,年少人口,1970,396883,27.8
2,年少人口,1975,380218,25.8
2,年少人口,1980,366454,24.0
2,年少人口,1985,338554,22.2
2,年少人口,1990,289082,19.4
2,年少人口,1995,252414,17.0
2,年少人口,2000,223141,15.1
2,年少人口,2005,198959,13.8
2,年少人口,2010,171842,12.5
2,年少人口,2015,148208,11.3
2,年少人口,2020,129567,10.4
2,年少人口,2025,114024,9.8
2,年少人口,2030,100253,9.3
2,年少人口,2035,87648,8.8
2,年少人口,2040,77258,8.4
2,年少人口,2045,67472,8.1
2,生産年齢人口,1960,848838,59.5
2,生産年齢人口,1965,894521,63.1
2,生産年齢人口,1970,940235,65.8
2,生産年齢人口,1975,977541,66.5
2,生産年齢人口,1980,1022786,67.1
2,生産年齢人口,1985,1027329,67.3
2,生産年齢人口,1990,1000804,67.4
2,生産年齢人口,1995,991311,66.9
2,生産年齢人口,2000,964661,65.3
2,生産年齢人口,2005,910856,63.4
2,生産年齢人口,2010,843587,61.4
2,生産年齢人口,2015,757867,57.9
2,生産年齢人口,2020,686364,55.5
2,生産年齢人口,2025,618505,53.4
2,生産年齢人口,2030,555479,51.6
2,生産年齢人口,2035,494561,49.7
2,生産年齢人口,2040,428573,47.1
2,生産年齢人口,2045,370849,45.0
2,老年人口,1960,64371,4.5
2,老年人口,1965,75002,5.2
2,老年人口,1970,90402,6.3
2,老年人口,1975,110752,7.5
2,老年人口,1980,134516,8.8
2,老年人口,1985,158547,10.4
2,老年人口,1990,191776,12.9
2,老年人口,1995,236745,15.9
2,老年人口,2000,287099,19.4
2,老年人口,2005,326562,22.7
2,老年人口,2010,352768,25.6
2,老年人口,2015,390940,29.8
2,老年人口,2020,420040,33.9
2,老年人口,2025,424803,36.7
2,老年人口,2030,420661,39.0
2,老年人口,2035,411528,41.4
2,老年人口,2040,403143,44.3
2,老年人口,2045,385289,46.7
3,総人口,1960,1448517,
3,総人口,1965,1411118,
3,総人口,1970,1371383,
3,総人口,1975,1385563,
3,総人口,1980,1421927,
3,総人口,1985,1433611,
3,総人口,1990,1416928,
3,総人口,1995,1419505,
3,総人口,2000,1416180,
3,総人口,2005,1385041,
3,総人口,2010,1330147,
3,総人口,2015,1279594,
3,総人口,2020,1224194,
3,総人口,2025,1161638,
3,総人口,2030,1096141,
3,総人口,2035,1028673,
3,総人口,2040,957788,
3,総人口,2045,884518,
3,年少人口,1960,501782,34.6
3,年少人口,1965,429521,30.4
3,年少人口,1970,362118,26.4
3,年少人口,1975,338374,24.4
3,年少人口,1980,326014,22.9
3,年少人口,1985,307800,21.4
3,年少人口,1990,269810,19.0
3,年少人口,1995,239010,16.8
3,年少人口,2000,212470,15.0
3,年少人口,2005,190578,13.7
3,年少人口,2010,168804,12.6
3,年少人口,2015,150992,11.7
3,年少人口,2020,136525,11.1
3,年少人口,2025,123249,10.6
3,年少人口,2030,111694,10.1
3,年少人口,2035,100559,9.7
3,年少人口,2040,90940,9.4
3,年少人口,2045,81583,9.2
3,生産年齢人口,1960,870492,60.0
3,生産年齢人口,1965,895550,63.4
3,生産年齢人口,1970,908795,66.2
3,生産年齢人口,1975,928674,67.0
3,生産年齢人口,1980,952388,66.9
3,生産年齢人口,1985,955425,66.6
3,生産年齢人口,1990,941052,66.4
3,生産年齢人口,1995,925175,65.1
3,生産年齢人口,2000,899177,63.4
3,生産年齢人口,2005,850253,61.3
3,生産年齢人口,2010,795780,59.8
3,生産年齢人口,2015,734886,57.4
3,生産年齢人口,2020,677709,55.3
3,生産年齢人口,2025,625142,53.8
3,生産年齢人口,2030,576003,52.5
3,生産年齢人口,2035,528635,51.3
3,生産年齢人口,2040,472243,49.3
3,生産年齢人口,2045,420543,47.5
3,老年人口,1960,76243,5.2
3,老年人口,1965,86047,6.0
3,老年人口,1970,100470,7.3
3,老年人口,1975,118397,8.5
3,老年人口,1980,143400,10.0
3,老年人口,1985,170386,11.8
3,老年人口,1990,205737,14.5
3,老年人口,1995,255256,17.9
3,老年人口,2000,303988,21.4
3,老年人口,2005,339957,24.5
3,老年人口,2010,360498,27.1
3,老年人口,2015,386573,30.2
3,老年人口,2020,409960,33.4
3,老年人口,2025,413247,35.5
3,老年人口,2030,408444,37.2
3,老年人口,2035,399479,38.8
3,老年人口,2040,394605,41.1
3,老年人口,2045,382392,43.2
4,総人口,1960,1743195,
4,総人口,1965,1753126,
4,総人口,1970,1819223,
4,総人口,1975,1955267,
4,総人口,1980,2082320,
4,総人口,1985,2176295,
4,総人口,1990,2248558,
4,総人口,1995,2328739,
4,総人口,2000,2365320,
4,総人口,2005,2360218,
4,総人口,2010,2348165,
4,総人口,2015,2333899,
4,総人口,2020,2296113,
4,総人口,2025,2227471,
4,総人口,2030,2143601,
4,総人口,2035,2046219,
4,総人口,2040,1933258,
4,総人口,2045,1809021,
4,年少人口,1960,584497,33.5
4,年少人口,1965,503630,28.7
4,年少人口,1970,448834,24.6
4,年少人口,1975,460953,23.5
4,年少人口,1980,480552,23.0
4,年少人口,1985,480899,22.0
4,年少人口,1990,439313,19.5
4,年少人口,1995,394331,16.9
4,年少人口,2000,353516,14.9
4,年少人口,2005,325829,13.8
4,年少人口,2010,308201,13.1
4,年少人口,2015,286003,12.2
4,年少人口,2020,270527,11.7
4,年少人口,2025,248940,11.1
4,年少人口,2030,228867,10.6
4,年少人口,2035,208564,10.1
4,年少人口,2040,191022,9.8
4,年少人口,2045,173630,9.5
4,生産年齢人口,1960,1063732,61.0
4,生産年齢人口,1965,1141867,65.1
4,生産年齢人口,1970,1244711,68.4
4,生産年齢人口,1975,1343632,68.7
4,生産年齢人口,1980,1419497,68.1
4,生産年齢人口,1985,1478820,67.9
4,生産年齢人口,1990,1535449,68.2
4,生産年齢人口,1995,1595534,68.5
4,生産年齢人口,2000,1601826,67.7
4,生産年齢人口,2005,1558087,66.0
4,生産年齢人口,2010,1501638,63.9
4,生産年齢人口,2015,1410322,60.4
4,生産年齢人口,2020,1360305,59.2
4,生産年齢人口,2025,1282718,57.5
4,生産年齢人口,2030,1205387,56.2
4,生産年齢人口,2035,1121287,54.7
4,生産年齢人口,2040,1009234,52.2
4,生産年齢人口,2045,905996,50.0
4,老年人口,1960,94966,5.4
4,老年人口,1965,107629,6.1
4,老年人口,1970,125678,6.9
4,老年人口,1975,150010,7.6
4,老年人口,1980,180689,8.6
4,老年人口,1985,215457,9.9
4,老年人口,1990,266759,11.8
4,老年人口,1995,337520,14.4
4,老年人口,2000,409156,17.2
4,老年人口,2005,470512,19.9
4,老年人口,2010,520794,22.1
4,老年人口,2015,588240,25.2
4,老年人口,2020,665281,28.9
4,老年人口,2025,695813,31.2
4,老年人口,2030,709347,33.0
4,老年人口,2035,716368,35.0
4,老年人口,2040,733002,37.9
4,老年人口,2045,729395,40.3
5,総人口,1960,1335580,
5,総人口,1965,1279835,
5,総人口,1970,1241376,
5,総人口,1975,1232481,
5,総人口,1980,1256745,
5,総人口,1985,1254032,
5,総人口,1990,1227478,
5,総人口,1995,1213667,
5,総人口,2000,1189279,
5,総人口,2005,1145501,
5,総人口,2010,1085997,
5,総人口,2015,1023119,
5,総人口,2020,955838,
5,総人口,2025,885285,
5,総人口,2030,814295,
5,総人口,2035,744014,
5,総人口,2040,672617,
5,総人口,2045,601649,
5,年少人口,1960,457929,34.2
5,年少人口,1965,373157,29.1
5,年少人口,1970,303286,24.4
5,年少人口,1975,273808,22.2
5,年少人口,1980,263277,20.9
5,年少人口,1985,250402,19.9
5,年少人口,1990,219637,17.8
5,年少人口,1995,188844,15.5
5,年少人口,2000,163095,13.7
5,年少人口,2005,142507,12.4
5,年少人口,2010,124061,11.4
5,年少人口,2015,106041,10.3
5,年少人口,2020,92318,9.6
5,年少人口,2025,79478,8.9
5,年少人口,2030,69184,8.4
5,年少人口,2035,59544,8.0
5,年少人口,2040,51463,7.6
5,年少人口,2045,44295,7.3
5,生産年齢人口,1960,816077,61.1
5,生産年齢人口,1965,832800,65.0
5,生産年齢人口,1970,847538,68.2
5,生産年齢人口,1975,849459,68.9
5,生産年齢人口,1980,861312,68.5
5,生産年齢人口,1985,845473,67.4
5,生産年齢人口,1990,815840,66.4
5,生産年齢人口,1995,786983,64.8
5,生産年齢人口,2000,746252,62.7
5,生産年齢人口,2005,694288,60.6
5,生産年齢人口,2010,639633,58.8
5,生産年齢人口,2015,565237,55.2
5,生産年齢人口,2020,501385,52.4
5,生産年齢人口,2025,444557,50.2
5,生産年齢人口,2030,394681,48.4
5,生産年齢人口,2035,350711,47.1
5,生産年齢人口,2040,301533,44.8
5,生産年齢人口,2045,255932,42.5
5,老年人口,1960,61574,4.6
5,老年人口,1965,73878,5.7
5,老年人口,1970,90552,7.2
5,老年人口,1975,109172,8.8
5,老年人口,1980,132075,10.5
5,老年人口,1985,158086,12.6
5,老年人口,1990,191573,15.6
5,老年人口,1995,237682,19.5
5,老年人口,2000,279764,23.5
5,老年人口,2005,308193,26.9
5,老年人口,2010,320450,29.5
5,老年人口,2015,343301,33.5
5,老年人口,2020,362135,37.8
5,老年人口,2025,361250,40.8
5,老年人口,2030,350430,43.0
5,老年人口,2035,333759,44.8
5,老年人口,2040,319621,47.5
5,老年人口,2045,301422,50.0
6,総人口,1960,1320664,
6,総人口,1965,1263103,
6,総人口,1970,1225618,
6,総人口,1975,1220302,
6,総人口,1980,1251917,
6,総人口,1985,1261662,
6,総人口,1990,1258390,
6,総人口,1995,1256958,
6,総人口,2000,1244147,
6,総人口,2005,1216181,
6,総人口,2010,1168924,
6,総人口,2015,1123891,
6,総人口,2020,1072473,
6,総人口,2025,1015910,
6,総人口,2030,957314,
6,総人口,2035,897075,
6,総人口,2040,833844,
6,総人口,2045,768490,
6,年少人口,1960,422576,31.9
6,年少人口,1965,348572,27.5
6,年少人口,1970,287877,23.4
6,年少人口,1975,265935,21.7
6,年少人口,1980,262704,20.9
6,年少人口,1985,255853,20.2
6,年少人口,1990,233824,18.5
6,年少人口,1995,208596,16.5
6,年少人口,2000,186182,14.9
6,年少人口,2005,166653,13.7
6,年少人口,2010,149759,12.8
6,年少人口,2015,135760,12.0
6,年少人口,2020,123142,11.4
6,年少人口,2025,111246,10.9
6,年少人口,2030,101147,10.5
6,年少人口,2035,91199,10.1
6,年少人口,2040,82468,9.8
6,年少人口,2045,73952,9.6
6,生産年齢人口,1960,821599,62.2
6,生産年齢人口,1965,827075,65.4
6,生産年齢人口,1970,833203,67.9
6,生産年齢人口,1975,831116,68.1
6,生産年齢人口,1980,842612,67.3
6,生産年齢人口,1985,836219,66.2
6,生産年齢人口,1990,819200,65.0
6,生産年齢人口,1995,799251,63.5
6,生産年齢人口,2000,772100,62.0
6,生産年齢人口,2005,739030,60.7
6,生産年齢人口,2010,694110,59.3
6,生産年齢人口,2015,639336,56.8
6,生産年齢人口,2020,586259,54.6
6,生産年齢人口,2025,538804,53.0
6,生産年齢人口,2030,496262,51.8
6,生産年齢人口,2035,456869,50.9
6,生産年齢人口,2040,409519,49.1
6,生産年齢人口,2045,364262,47.3
6,老年人口,1960,76489,5.7
6,老年人口,1965,87456,6.9
6,老年人口,1970,104538,8.5
6,老年人口,1975,123137,10.0
6,老年人口,1980,146593,11.7
6,老年人口,1985,169525,13.4
6,老年人口,1990,204577,16.2
6,老年人口,1995,248817,19.7
6,老年人口,2000,285590,22.9
6,老年人口,2005,309913,25.4
6,老年人口,2010,321722,27.5
6,老年人口,2015,344353,30.6
6,老年人口,2020,363072,33.8
6,老年人口,2025,365860,36.0
6,老年人口,2030,359905,37.5
6,老年人口,2035,349007,38.9
6,老年人口,2040,341857,40.9
6,老年人口,2045,330276,42.9
7,総人口,1960,2051137,
7,総人口,1965,1983754,
7,総人口,1970,1946077,
7,総人口,1975,1970616,
7,総人口,1980,2035272,
7,総人口,1985,2080304,
7,総人口,1990,2104058,
7,総人口,1995,2133592,
7,総人口,2000,2126935,
7,総人口,2005,2091319,
7,総人口,2010,2029064,
7,総人口,2015,1914039,
7,総人口,2020,1827632,
7,総人口,2025,1733103,
7,総人口,2030,1635235,
7,総人口,2035,1533521,
7,総人口,2040,1426392,
7,総人口,2045,1314903,
7,年少人口,1960,720721,35.1
7,年少人口,1965,608959,30.6
7,年少人口,1970,508172,26.1
7,年少人口,1975,473903,24.0
7,年少人口,1980,466840,22.9
7,年少人口,1985,460767,22.1
7,年少人口,1990,422064,20.0
7,年少人口,1995,381511,17.8
7,年少人口,2000,341038,16.0
7,年少人口,2005,307294,14.6
7,年少人口,2010,276069,13.6
7,年少人口,2015,228887,11.9
7,年少人口,2020,204355,11.1
7,年少人口,2025,183630,10.5
7,年少人口,2030,165607,10.1
7,年少人口,2035,148595,9.6
7,年少人口,2040,134354,9.4
7,年少人口,2045,120644,9.1
7,生産年齢人口,1960,1208990,58.9
7,生産年齢人口,1965,1239658,62.4
7,生産年齢人口,1970,1283176,65.9
7,生産年齢人口,1975,1316161,66.7
7,生産年齢人口,1980,1355601,66.6
7,生産年齢人口,1985,1371556,65.9
7,生産年齢人口,1990,1377857,65.4
7,生産年齢人口,1995,1380208,64.6
7,生産年齢人口,2000,1353500,63.6
7,生産年齢人口,2005,1307734,62.5
7,生産年齢人口,2010,1236458,60.9
7,生産年齢人口,2015,1120189,58.5
7,生産年齢人口,2020,1029174,56.3
7,生産年齢人口,2025,937556,54.0
7,生産年齢人口,2030,856169,52.3
7,生産年齢人口,2035,780107,50.8
7,生産年齢人口,2040,690477,48.4
7,生産年齢人口,2045,612508,46.5
7,老年人口,1960,121426,5.9
7,老年人口,1965,135137,6.8
7,老年人口,1970,154729,7.9
7,老年人口,1975,180356,9.1
7,老年人口,1980,212704,10.4
7,老年人口,1985,247947,11.9
7,老年人口,1990,301552,14.3
7,老年人口,1995,371572,17.4
7,老年人口,2000,431797,20.3
7,老年人口,2005,474860,22.7
7,老年人口,2010,504451,24.8
7,老年人口,2015,542384,28.3
7,老年人口,2020,594103,32.5
7,老年人口,2025,611917,35.3
7,老年人口,2030,613459,37.5
7,老年人口,2035,604819,39.4
7,老年人口,2040,601561,42.1
7,老年人口,2045,581751,44.2
8,総人口,1960,2047024,
8,総人口,1965,2056154,
8,総人口,1970,2143551,
8,総人口,1975,2342198,
8,総人口,1980,2558007,
8,総人口,1985,2725005,
8,総人口,1990,2845382,
8,総人口,1995,2955530,
8,総人口,2000,2985676,
8,総人口,2005,2975167,
8,総人口,2010,2969770,
8,総人口,2015,2916976,
8,総人口,2020,2844791,
8,総人口,2025,2750204,
8,総人口,2030,2638185,
8,総人口,2035,2512144,
8,総人口,2040,2376146,
8,総人口,2045,2235686,
8,年少人口,1960,672204,32.8
8,年少人口,1965,580171,28.2
8,年少人口,1970,534225,24.9
8,年少人口,1975,580187,24.7
8,年少人口,1980,628466,24.5
8,年少人口,1985,627512,23.0
8,年少人口,1990,559033,19.6
8,年少人口,1995,505363,17.0
8,年少人口,2000,458501,15.3
8,年少人口,2005,422913,14.2
8,年少人口,2010,399638,13.4
8,年少人口,2015,364351,12.4
8,年少人口,2020,334448,11.7
8,年少人口,2025,303436,11.0
8,年少人口,2030,279345,10.5
8,年少人口,2035,256755,10.2
8,年少人口,2040,239318,10.0
8,年少人口,2045,222074,9.9
8,生産年齢人口,1960,1240591,60.6
8,生産年齢人口,1965,1327621,64.5
8,生産年齢人口,1970,1440059,67.1
8,生産年齢人口,1975,1565349,66.8
8,生産年齢人口,1980,1692449,66.1
8,生産年齢人口,1985,1818697,66.7
8,生産年齢人口,1990,1943837,68.3
8,生産年齢人口,1995,2030045,68.6
8,生産年齢人口,2000,2030360,68.0
8,生産年齢人口,2005,1974159,66.3
8,生産年齢人口,2010,1891701,63.6
8,生産年齢人口,2015,1747312,59.9
8,生産年齢人口,2020,1655088,58.1
8,生産年齢人口,2025,1567743,57.0
8,生産年齢人口,2030,1476135,55.9
8,生産年齢人口,2035,1368703,54.4
8,生産年齢人口,2040,1229865,51.7
8,生産年齢人口,2045,1118773,50.0
8,老年人口,1960,134229,6.5
8,老年人口,1965,148362,7.2
8,老年人口,1970,169267,7.8
8,老年人口,1975,196380,8.3
8,老年人口,1980,236485,9.2
8,老年人口,1985,278503,10.2
8,老年人口,1990,338799,11.9
8,老年人口,1995,418610,14.1
8,老年人口,2000,495693,16.6
8,老年人口,2005,576272,19.3
8,老年人口,2010,665065,22.3
8,老年人口,2015,771678,26.4
8,老年人口,2020,855255,30.0
8,老年人口,2025,879025,31.9
8,老年人口,2030,882705,33.4
8,老年人口,2035,886686,35.2
8,老年人口,2040,906963,38.1
8,老年人口,2045,894839,40.0
9,総人口,1960,1513624,
9,総人口,1965,1521656,
9,総人口,1970,1580021,
9,総人口,1975,1698003,
9,総人口,1980,1792201,
9,総人口,1985,1866066,
9,総人口,1990,1935168,
9,総人口,1995,1984390,
9,総人口,2000,2004817,
9,総人口,2005,2016631,
9,総人口,2010,2007683,
9,総人口,2015,1974255,
9,総人口,2020,1930235,
9,総人口,2025,1872842,
9,総人口,2030,1805949,
9,総人口,2035,1730414,
9,総人口,2040,1647288,
9,総人口,2045,1560619,
9,年少人口,1960,510097,33.7
9,年少人口,1965,429447,28.2
9,年少人口,1970,389016,24.6
9,年少人口,1975,414123,24.3
9,年少人口,1980,433232,24.1
9,年少人口,1985,425807,22.8
9,年少人口,1990,380087,19.6
9,年少人口,1995,339253,17.0
9,年少人口,2000,306905,15.3
9,年少人口,2005,285245,14.1
9,年少人口,2010,269823,13.4
9,年少人口,2015,252836,12.8
9,年少人口,2020,234328,12.1
9,年少人口,2025,215694,11.5
9,年少人口,2030,200974,11.1
9,年少人口,2035,186959,10.8
9,年少人口,2040,175984,10.6
9,年少人口,2045,164918,10.5
9,生産年齢人口,1960,909207,60.0
9,生産年齢人口,1965,986774,64.8
9,生産年齢人口,1970,1069584,67.6
9,生産年齢人口,1975,1143083,67.3
9,生産年齢人口,1980,1191109,66.4
9,生産年齢人口,1985,1243861,66.6
9,生産年齢人口,1990,1315228,67.9
9,生産年齢人口,1995,1350635,68.0
9,生産年齢人口,2000,1352311,67.4
9,生産年齢人口,2005,1336513,66.2
9,生産年齢人口,2010,1281274,63.8
9,生産年齢人口,2015,1203616,60.9
9,生産年齢人口,2020,1138540,58.9
9,生産年齢人口,2025,1084830,57.9
9,生産年齢人口,2030,1031754,57.1
9,生産年齢人口,2035,969256,56.0
9,生産年齢人口,2040,883575,53.6
9,生産年齢人口,2045,812961,52.0
9,老年人口,1960,94320,6.2
9,老年人口,1965,105435,6.9
9,老年人口,1970,121421,7.6
9,老年人口,1975,140651,8.2
9,老年人口,1980,167438,9.3
9,老年人口,1985,196328,10.5
9,老年人口,1990,238505,12.3
9,老年人口,1995,292947,14.7
9,老年人口,2000,344506,17.1
9,老年人口,2005,390896,19.3
9,老年人口,2010,438196,21.8
9,老年人口,2015,508392,25.7
9,老年人口,2020,557367,28.8
9,老年人口,2025,572318,30.5
9,老年人口,2030,573221,31.7
9,老年人口,2035,574199,33.1
9,老年人口,2040,587729,35.6
9,老年人口,2045,582740,37.3
10,総人口,1960,1578476,
10,総人口,1965,1605584,
10,総人口,1970,1658909,
10,総人口,1975,1756480,
10,総人口,1980,1848562,
10,総人口,1985,1921259,
10,総人口,1990,1966265,
10,総人口,1995,2003540,
10,総人口,2000,2024852,
10,総人口,2005,2024135,
10,総人口,2010,2008068,
10,総人口,2015,1973115,
10,総人口,2020,1926268,
10,総人口,2025,1865565,
10,総人口,2030,1796233,
10,総人口,2035,1719914,
10,総人口,2040,1637642,
10,総人口,2045,1552950,
10,年少人口,1960,500151,31.6
10,年少人口,1965,423874,26.3
10,年少人口,1970,397032,23.9
10,年少人口,1975,427621,24.3
10,年少人口,1980,441548,23.8
10,年少人口,1985,424829,22.1
10,年少人口,1990,368080,18.7
10,年少人口,1995,329960,16.4
10,年少人口,2000,306895,15.1
10,年少人口,2005,291995,14.4
10,年少人口,2010,275225,13.7
10,年少人口,2015,250884,12.7
10,年少人口,2020,228641,11.8
10,年少人口,2025,207172,11.1
10,年少人口,2030,191494,10.6
10,年少人口,2035,177457,10.3
10,年少人口,2040,167501,10.2
10,年少人口,2045,157536,10.1
10,生産年齢人口,1960,981555,62.1
10,生産年齢人口,1965,1071433,66.7
10,生産年齢人口,1970,1131078,68.1
10,生産年齢人口,1975,1174392,66.8
10,生産年齢人口,1980,1222826,66.1
10,生産年齢人口,1985,1281535,66.7
10,生産年齢人口,1990,1340557,68.1
10,生産年齢人口,1995,1360039,67.8
10,生産年齢人口,2000,1346441,66.4
10,生産年齢人口,2005,1314259,64.9
10,生産年齢人口,2010,1251608,62.3
10,生産年齢人口,2015,1165780,59.0
10,生産年齢人口,2020,1112935,57.7
10,生産年齢人口,2025,1065673,57.1
10,生産年齢人口,2030,1009939,56.2
10,生産年齢人口,2035,941704,54.7
10,生産年齢人口,2040,852223,52.0
10,生産年齢人口,2045,783531,50.4
10,老年人口,1960,96770,6.1
10,老年人口,1965,110277,6.8
10,老年人口,1970,130799,7.8
10,老年人口,1975,154371,8.7
10,老年人口,1980,184115,9.9
10,老年人口,1985,214871,11.1
10,老年人口,1990,256367,13.0
10,老年人口,1995,313425,15.6
10,老年人口,2000,367117,18.1
10,老年人口,2005,416909,20.5
10,老年人口,2010,470520,23.4
10,老年人口,2015,540026,27.3
10,老年人口,2020,584692,30.3
10,老年人口,2025,592720,31.7
10,老年人口,2030,594800,33.1
10,老年人口,2035,600753,34.9
10,老年人口,2040,617918,37.7
10,老年人口,2045,611883,39.4
11,総人口,1960,2430871,
11,総人口,1965,3014983,
11,総人口,1970,3866472,
11,総人口,1975,4821340,
11,総人口,1980,5420480,
11,総人口,1985,5863678,
11,総人口,1990,6405319,
11,総人口,1995,6759311,
11,総人口,2000,6938006,
11,総人口,2005,7054243,
11,総人口,2010,7194556,
11,総人口,2015,7266534,
11,総人口,2020,7272830,
11,総人口,2025,7202953,
11,総人口,2030,7076167,
11,総人口,2035,6909319,
11,総人口,2040,6721414,
11,総人口,2045,6524800,
11,年少人口,1960,752024,30.9
11,年少人口,1965,790961,26.2
11,年少人口,1970,1002863,25.9
11,年少人口,1975,1340136,27.7
11,年少人口,1980,1458421,26.9
11,年少人口,1985,1380180,23.5
11,年少人口,1990,1196946,18.6
11,年少人口,1995,1090395,16.1
11,年少人口,2000,1024787,14.7
11,年少人口,2005,986361,13.9
11,年少人口,2010,953668,13.2
11,年少人口,2015,910805,12.5
11,年少人口,2020,871221,11.9
11,年少人口,2025,819197,11.3
11,年少人口,2030,778699,11.0
11,年少人口,2035,744151,10.7
11,年少人口,2040,723391,10.7
11,年少人口,2045,698496,10.7
11,生産年齢人口,1960,1545841,63.5
11,生産年齢人口,1965,2066337,68.5
11,生産年齢人口,1970,2665020,68.9
11,生産年齢人口,1975,3223138,66.8
11,生産年齢人口,1980,3624550,66.8
11,生産年齢人口,1985,4060573,69.2
11,生産年齢人口,1990,4660202,72.7
11,生産年齢人口,1995,4976945,73.6
11,生産年齢人口,2000,5011202,72.2
11,生産年齢人口,2005,4892253,69.3
11,生産年齢人口,2010,4749108,66.0
11,生産年齢人口,2015,4507174,62.0
11,生産年齢人口,2020,4421637,60.7
11,生産年齢人口,2025,4350217,60.3
11,生産年齢人口,2030,4217720,59.6
11,生産年齢人口,2035,4002341,57.9
11,生産年齢人口,2040,3700406,55.0
11,生産年齢人口,2045,3491511,53.5
11,老年人口,1960,133006,5.4
11,老年人口,1965,157685,5.2
11,老年人口,1970,198589,5.1
11,老年人口,1975,256014,5.3
11,老年人口,1980,333874,6.1
11,老年人口,1985,420099,7.1
11,老年人口,1990,530539,8.2
11,老年人口,1995,681172,10.0
11,老年人口,2000,889243,12.8
11,老年人口,2005,1157006,16.4
11,老年人口,2010,1464860,20.3
11,老年人口,2015,1788735,24.6
11,老年人口,2020,1979972,27.2
11,老年人口,2025,2033539,28.2
11,老年人口,2030,2079748,29.3
11,老年人口,2035,2162827,31.3
11,老年人口,2040,2297617,34.1
11,老年人口,2045,2334793,35.7
12,総人口,1960,2306010,
12,総人口,1965,2701770,
12,総人口,1970,3366624,
12,総人口,1975,4149147,
12,総人口,1980,4735424,
12,総人口,1985,5148163,
12,総人口,1990,5555429,
12,総人口,1995,5797782,
12,総人口,2000,5926285,
12,総人口,2005,6056462,
12,総人口,2010,6216289,
12,総人口,2015,6222666,
12,総人口,2020,6204651,
12,総人口,2025,6118170,
12,総人口,2030,5985915,
12,総人口,2035,5822882,
12,総人口,2040,5645611,
12,総人口,2045,5463363,
12,年少人口,1960,700195,30.3
12,年少人口,1965,701340,25.9
12,年少人口,1970,845616,25.1
12,年少人口,1975,1099590,26.5
12,年少人口,1980,1224914,25.8
12,年少人口,1985,1191814,23.1
12,年少人口,1990,1034308,18.6
12,年少人口,1995,915719,15.7
12,年少人口,2000,842534,14.2
12,年少人口,2005,819348,13.5
12,年少人口,2010,799646,12.8
12,年少人口,2015,762112,12.2
12,年少人口,2020,724047,11.6
12,年少人口,2025,674898,11.0
12,年少人口,2030,638821,10.6
12,年少人口,2035,607921,10.4
12,年少人口,2040,589262,10.4
12,年少人口,2045,568568,10.4
12,生産年齢人口,1960,1458717,63.2
12,生産年齢人口,1965,1828708,67.6
12,生産年齢人口,1970,2310068,68.6
12,生産年齢人口,1975,2785401,67.1
12,生産年齢人口,1980,3176100,67.0
12,生産年齢人口,1985,3547459,68.9
12,生産年齢人口,1990,3994245,71.8
12,生産年齢人口,1995,4224738,72.8
12,生産年齢人口,2000,4235925,71.4
12,生産年齢人口,2005,4154600,68.5
12,生産年齢人口,2010,4009060,64.4
12,生産年齢人口,2015,3779812,60.7
12,生産年齢人口,2020,3726708,60.0
12,生産年齢人口,2025,3652524,59.6
12,生産年齢人口,2030,3528129,58.9
12,生産年齢人口,2035,3339827,57.3
12,生産年齢人口,2040,3083003,54.6
12,生産年齢人口,2045,2905996,53.1
12,老年人口,1960,147098,6.3
12,老年人口,1965,171722,6.3
12,老年人口,1970,210940,6.2
12,老年人口,1975,261205,6.2
12,老年人口,1980,330188,6.9
12,老年人口,1985,407095,7.9
12,老年人口,1990,509837,9.1
12,老年人口,1995,651789,11.2
12,老年人口,2000,837017,14.1
12,老年人口,2005,1060343,17.5
12,老年人口,2010,1320120,21.2
12,老年人口,2015,1584419,25.4
12,老年人口,2020,1753896,28.2
12,老年人口,2025,1790748,29.2
12,老年人口,2030,1818965,30.3
12,老年人口,2035,1875134,32.2
12,老年人口,2040,1973346,34.9
12,老年人口,2045,1988799,36.4
13,総人口,1960,9683802,
13,総人口,1965,10869244,
13,総人口,1970,11408071,
13,総人口,1975,11673554,
13,総人口,1980,11618281,
13,総人口,1985,11829363,
13,総人口,1990,11855563,
13,総人口,1995,11773605,
13,総人口,2000,12064101,
13,総人口,2005,12576601,
13,総人口,2010,13159388,
13,総人口,2015,13515271,
13,総人口,2020,13732951,
13,総人口,2025,13845936,
13,総人口,2030,13882538,
13,総人口,2035,13851782,
13,総人口,2040,13758624,
13,総人口,2045,13606683,
13,年少人口,1960,2249052,23.2
13,年少人口,1965,2216945,20.3
13,年少人口,1970,2400630,21.0
13,年少人口,1975,2564449,21.9
13,年少人口,1980,2393687,20.6
13,年少人口,1985,2125337,17.9
13,年少人口,1990,1727479,14.5
13,年少人口,1995,1499126,12.7
13,年少人口,2000,1420919,11.7
13,年少人口,2005,1424667,11.3
13,年少人口,2010,1477371,11.2
13,年少人口,2015,1518130,11.2
13,年少人口,2020,1534193,11.1
13,年少人口,2025,1508463,10.8
13,年少人口,2030,1471373,10.5
13,年少人口,2035,1443170,10.4
13,年少人口,2040,1432251,10.4
13,年少人口,2045,1407573,10.3
13,生産年齢人口,1960,7067087,72.9
13,生産年齢人口,1965,8183336,75.2
13,生産年齢人口,1970,8416630,73.7
13,生産年齢人口,1975,8360219,71.6
13,生産年齢人口,1980,8308563,71.5
13,生産年齢人口,1985,8638299,73.0
13,生産年齢人口,1990,8790525,74.1
13,生産年齢人口,1995,8705099,73.9
13,生産年齢人口,2000,8685878,71.9
13,生産年齢人口,2005,8695592,69.1
13,生産年齢人口,2010,8850225,67.2
13,生産年齢人口,2015,8734155,64.6
13,生産年齢人口,2020,8983349,65.4
13,生産年齢人口,2025,9065802,65.4
13,生産年齢人口,2030,8988837,64.7
13,生産年齢人口,2035,8734058,63.0
13,生産年齢人口,2040,8330069,60.5
13,生産年齢人口,2045,8023423,58.9
13,老年人口,1960,367663,3.7
13,老年人口,1965,468963,4.3
13,老年人口,1970,590811,5.1
13,老年人口,1975,731808,6.2
13,老年人口,1980,894961,7.7
13,老年人口,1985,1055850,8.9
13,老年人口,1990,1244026,10.4
13,老年人口,1995,1530695,13.0
13,老年人口,2000,1910456,15.8
13,老年人口,2005,2295527,18.2
13,老年人口,2010,2642231,20.0
13,老年人口,2015,3005516,22.2
13,老年人口,2020,3215409,23.4
13,老年人口,2025,3271671,23.6
13,老年人口,2030,3422328,24.6
13,老年人口,2035,3674554,26.5
13,老年人口,2040,3996304,29.0
13,老年人口,2045,4175687,30.6
14,総人口,1960,3443176,
14,総人口,1965,4430743,
14,総人口,1970,5472247,
14,総人口,1975,6397748,
14,総人口,1980,6924348,
14,総人口,1985,7431974,
14,総人口,1990,7980391,
14,総人口,1995,8245900,
14,総人口,2000,8489974,
14,総人口,2005,8791597,
14,総人口,2010,9048331,
14,総人口,2015,9126214,
14,総人口,2020,9141394,
14,総人口,2025,9069562,
14,総人口,2030,8933474,
14,総人口,2035,8750958,
14,総人口,2040,8541016,
14,総人口,2045,8312524,
14,年少人口,1960,940719,27.3
14,年少人口,1965,1035303,23.3
14,年少人口,1970,1301772,23.7
14,年少人口,1975,1632021,25.5
14,年少人口,1980,1703063,24.5
14,年少人口,1985,1595127,21.4
14,年少人口,1990,1375769,17.2
14,年少人口,1995,1231943,14.9
14,年少人口,2000,1184231,13.9
14,年少人口,2005,1184631,13.4
14,年少人口,2010,1187743,13.1
14,年少人口,2015,1140748,12.4
14,年少人口,2020,1092342,11.9
14,年少人口,2025,1028000,11.3
14,年少人口,2030,977324,10.9
14,年少人口,2035,937488,10.7
14,年少人口,2040,916593,10.7
14,年少人口,2045,891282,10.7
14,生産年齢人口,1960,2351581,68.2
14,生産年齢人口,1965,3201686,72.2
14,生産年齢人口,1970,3914556,71.5
14,生産年齢人口,1975,4424772,69.1
14,生産年齢人口,1980,4772542,68.9
14,生産年齢人口,1985,5277568,71.0
14,生産年齢人口,1990,5874445,73.6
14,生産年齢人口,1995,6098448,73.9
14,生産年齢人口,2000,6121470,72.1
14,生産年齢人口,2005,6088141,69.2
14,生産年齢人口,2010,5988857,66.1
14,生産年齢人口,2015,5744383,62.9
14,生産年齢人口,2020,5692899,62.2
14,生産年齢人口,2025,5617607,61.9
14,生産年齢人口,2030,5429825,60.7
14,生産年齢人口,2035,5129468,58.6
14,生産年齢人口,2040,4756673,55.6
14,生産年齢人口,2045,4498417,54.1
14,老年人口,1960,150876,4.3
14,老年人口,1965,193754,4.3
14,老年人口,1970,255919,4.6
14,老年人口,1975,337305,5.2
14,老年人口,1980,443048,6.3
14,老年人口,1985,555885,7.4
14,老年人口,1990,704596,8.8
14,老年人口,1995,908467,11.0
14,老年人口,2000,1169528,13.7
14,老年人口,2005,1480262,16.8
14,老年人口,2010,1819503,20.1
14,老年人口,2015,2158157,23.6
14,老年人口,2020,2356153,25.7
14,老年人口,2025,2423955,26.7
14,老年人口,2030,2526325,28.2
14,老年人口,2035,2684002,30.6
14,老年人口,2040,2867750,33.5
14,老年人口,2045,2922825,35.1
15,総人口,1960,2442037,
15,総人口,1965,2398931,
15,総人口,1970,2360982,
15,総人口,1975,2391938,
15,総人口,1980,2451357,
15,総人口,1985,2478470,
15,総人口,1990,2474583,
15,総人口,1995,2488364,
15,総人口,2000,2475733,
15,総人口,2005,2431459,
15,総人口,2010,2374450,
15,総人口,2015,2304264,
15,総人口,2020,2223647,
15,総人口,2025,2131156,
15,総人口,2030,2031445,
15,総人口,2035,1926432,
15,総人口,2040,1814665,
15,総人口,2045,1698989,
15,年少人口,1960,798808,32.7
15,年少人口,1965,662459,27.6
15,年少人口,1970,573414,24.2
15,年少人口,1975,557279,23.2
15,年少人口,1980,552118,22.5
15,年少人口,1985,523485,21.1
15,年少人口,1990,462559,18.6
15,年少人口,1995,406791,16.3
15,年少人口,2000,365667,14.7
15,年少人口,2005,330302,13.5
15,年少人口,2010,301708,12.7
15,年少人口,2015,275945,11.9
15,年少人口,2020,255406,11.4
15,年少人口,2025,234024,10.9
15,年少人口,2030,215212,10.5
15,年少人口,2035,197841,10.2
15,年少人口,2040,183993,10.1
15,年少人口,2045,170148,10.0
15,生産年齢人口,1960,1490414,61.0
15,生産年齢人口,1965,1571831,65.5
15,生産年齢人口,1970,1597283,67.6
15,生産年齢人口,1975,1605664,67.1
15,生産年齢人口,1980,1625404,66.3
15,生産年齢人口,1985,1637657,66.0
15,生産年齢人口,1990,1632329,65.9
15,生産年齢人口,1995,1625889,65.3
15,生産年齢人口,2000,1581186,63.8
15,生産年齢人口,2005,1514869,62.3
15,生産年齢人口,2010,1441262,60.6
15,生産年齢人口,2015,1333453,57.8
15,生産年齢人口,2020,1239588,55.7
15,生産年齢人口,2025,1164053,54.6
15,生産年齢人口,2030,1092613,53.7
15,生産年齢人口,2035,1015488,52.7
15,生産年齢人口,2040,918672,50.6
15,生産年齢人口,2045,833902,49.0
15,老年人口,1960,152815,6.2
15,老年人口,1965,164641,6.8
15,老年人口,1970,190285,8.0
15,老年人口,1975,228759,9.5
15,老年人口,1980,273439,11.1
15,老年人口,1985,317159,12.7
15,老年人口,1990,377857,15.2
15,老年人口,1995,455064,18.2
15,老年人口,2000,526112,21.2
15,老年人口,2005,580739,23.8
15,老年人口,2010,621187,26.1
15,老年人口,2015,685085,29.7
15,老年人口,2020,728653,32.7
15,老年人口,2025,733079,34.3
15,老年人口,2030,723620,35.6
15,老年人口,2035,713103,37.0
15,老年人口,2040,712000,39.2
15,老年人口,2045,694939,40.9
16,総人口,1960,1032614,
16,総人口,1965,1025465,
16,総人口,1970,1029695,
16,総人口,1975,1070791,
16,総人口,1980,1103459,
16,総人口,1985,1118369,
16,総人口,1990,1120161,
16,総人口,1995,1123125,
16,総人口,2000,1120851,
16,総人口,2005,1111729,
16,総人口,2010,1093247,
16,総人口,2015,1066328,
16,総人口,2020,1034691,
16,総人口,2025,996442,
16,総人口,2030,954745,
16,総人口,2035,910161,
16,総人口,2040,863342,
16,総人口,2045,817398,
16,年少人口,1960,307923,29.8
16,年少人口,1965,246284,24.0
16,年少人口,1970,229658,22.3
16,年少人口,1975,246399,23.0
16,年少人口,1980,249935,22.6
16,年少人口,1985,233965,20.9
16,年少人口,1990,195598,17.4
16,年少人口,1995,170045,15.1
16,年少人口,2000,157179,14.0
16,年少人口,2005,149545,13.4
16,年少人口,2010,141936,12.9
16,年少人口,2015,128848,12.0
16,年少人口,2020,117290,11.3
16,年少人口,2025,106289,10.6
16,年少人口,2030,97881,10.2
16,年少人口,2035,90394,9.9
16,年少人口,2040,85491,9.9
16,年少人口,2045,80766,9.8
16,生産年齢人口,1960,662018,64.1
16,生産年齢人口,1965,709713,69.2
16,生産年齢人口,1970,716831,69.6
16,生産年齢人口,1975,723024,67.5
16,生産年齢人口,1980,730099,66.1
16,生産年齢人口,1985,740728,66.2
16,生産年齢人口,1990,754081,67.3
16,生産年齢人口,1995,751639,66.9
16,生産年齢人口,2000,730541,65.1
16,生産年齢人口,2005,702924,63.2
16,生産年齢人口,2010,662072,60.5
16,生産年齢人口,2015,605545,56.7
16,生産年齢人口,2020,577728,55.8
16,生産年齢人口,2025,553324,55.5
16,生産年齢人口,2030,525723,55.0
16,生産年齢人口,2035,492092,54.0
16,生産年齢人口,2040,442952,51.3
16,生産年齢人口,2045,407488,49.8
16,老年人口,1960,62673,6.0
16,老年人口,1965,69468,6.7
16,老年人口,1970,83206,8.0
16,老年人口,1975,101265,9.4
16,老年人口,1980,123407,11.1
16,老年人口,1985,143646,12.8
16,老年人口,1990,168946,15.0
16,老年人口,1995,201320,17.9
16,老年人口,2000,232733,20.7
16,老年人口,2005,258317,23.2
16,老年人口,2010,285102,26.0
16,老年人口,2015,322899,30.2
16,老年人口,2020,339673,32.8
16,老年人口,2025,336829,33.8
16,老年人口,2030,331141,34.6
16,老年人口,2035,327675,36.0
16,老年人口,2040,334899,38.7
16,老年人口,2045,329144,40.2
17,総人口,1960,973418,
17,総人口,1965,980499,
17,総人口,1970,1002420,
17,総人口,1975,1069872,
17,総人口,1980,1119304,
17,総人口,1985,1152325,
17,総人口,1990,1164628,
17,総人口,1995,1180068,
17,総人口,2000,1180977,
17,総人口,2005,1174026,
17,総人口,2010,1169788,
17,総人口,2015,1154008,
17,総人口,2020,1133021,
17,総人口,2025,1104368,
17,総人口,2030,1070727,
17,総人口,2035,1032500,
17,総人口,2040,990439,
17,総人口,2045,947918,
17,年少人口,1960,294067,30.2
17,年少人口,1965,244016,24.8
17,年少人口,1970,235380,23.4
17,年少人口,1975,258131,24.1
17,年少人口,1980,265968,23.7
17,年少人口,1985,254109,22.0
17,年少人口,1990,215171,18.4
17,年少人口,1995,189741,16.0
17,年少人口,2000,175569,14.8
17,年少人口,2005,166175,14.1
17,年少人口,2010,159283,13.6
17,年少人口,2015,148372,12.8
17,年少人口,2020,139469,12.3
17,年少人口,2025,129265,11.7
17,年少人口,2030,121098,11.3
17,年少人口,2035,113993,11.0
17,年少人口,2040,109431,11.0
17,年少人口,2045,104730,11.0
17,生産年齢人口,1960,613802,63.0
17,生産年齢人口,1965,666139,67.9
17,生産年齢人口,1970,685300,68.3
17,生産年齢人口,1975,713690,66.7
17,生産年齢人口,1980,735098,65.6
17,生産年齢人口,1985,761172,66.0
17,生産年齢人口,1990,786378,67.5
17,生産年齢人口,1995,799338,67.7
17,生産年齢人口,2000,781137,66.1
17,生産年齢人口,2005,761257,64.8
17,生産年齢人口,2010,725951,62.0
17,生産年齢人口,2015,672515,58.2
17,生産年齢人口,2020,654602,57.7
17,生産年齢人口,2025,632363,57.2
17,生産年齢人口,2030,606643,56.6
17,生産年齢人口,2035,574403,55.6
17,生産年齢人口,2040,525905,53.0
17,生産年齢人口,2045,490392,51.7
17,老年人口,1960,65549,6.7
17,老年人口,1965,70344,7.1
17,老年人口,1970,81740,8.1
17,老年人口,1975,97825,9.1
17,老年人口,1980,117580,10.5
17,老年人口,1985,136772,11.8
17,老年人口,1990,160692,13.7
17,老年人口,1995,190905,16.1
17,老年人口,2000,219666,18.6
17,老年人口,2005,245739,20.9
17,老年人口,2010,275337,23.5
17,老年人口,2015,317151,27.4
17,老年人口,2020,338950,29.9
17,老年人口,2025,342740,31.0
17,老年人口,2030,342986,32.0
17,老年人口,2035,344104,33.3
17,老年人口,2040,355103,35.8
17,老年人口,2045,352796,37.2
18,総人口,1960,752696,
18,総人口,1965,750557,
18,総人口,1970,744230,
18,総人口,1975,773599,
18,総人口,1980,794354,
18,総人口,1985,817633,
18,総人口,1990,823585,
18,総人口,1995,826996,
18,総人口,2000,828944,
18,総人口,2005,821592,
18,総人口,2010,806314,
18,総人口,2015,786740,
18,総人口,2020,764081,
18,総人口,2025,737898,
18,総人口,2030,709753,
18,総人口,2035,679595,
18,総人口,2040,647241,
18,総人口,2045,614144,
18,年少人口,1960,230950,30.6
18,年少人口,1965,196959,26.2
18,年少人口,1970,178056,23.9
18,年少人口,1975,182670,23.6
18,年少人口,1980,181496,22.8
18,年少人口,1985,176135,21.5
18,年少人口,1990,155998,18.9
18,年少人口,1995,140593,17.0
18,年少人口,2000,130143,15.6
18,年少人口,2005,120745,14.6
18,年少人口,2010,112192,13.9
18,年少人口,2015,102986,13.0
18,年少人口,2020,96431,12.6
18,年少人口,2025,88480,11.9
18,年少人口,2030,82411,11.6
18,年少人口,2035,76967,11.3
18,年少人口,2040,72912,11.2
18,年少人口,2045,68833,11.2
18,生産年齢人口,1960,467299,62.0
18,生産年齢人口,1965,494820,65.9
18,生産年齢人口,1970,499142,67.0
18,生産年齢人口,1975,512478,66.2
18,生産年齢人口,1980,521186,65.6
18,生産年齢人口,1985,536679,65.6
18,生産年齢人口,1990,545297,66.2
18,生産年齢人口,1995,539592,65.2
18,生産年齢人口,2000,529017,63.8
18,生産年齢人口,2005,513858,62.5
18,生産年齢人口,2010,485409,60.2
18,生産年齢人口,2015,451409,57.3
18,生産年齢人口,2020,430529,56.3
18,生産年齢人口,2025,409711,55.5
18,生産年齢人口,2030,387306,54.5
18,生産年齢人口,2035,364792,53.6
18,生産年齢人口,2040,333526,51.5
18,生産年齢人口,2045,308989,50.3
18,老年人口,1960,54447,7.2
18,老年人口,1965,58778,7.8
18,老年人口,1970,67032,9.0
18,老年人口,1975,78349,10.1
18,老年人口,1980,91595,11.5
18,老年人口,1985,104794,12.8
18,老年人口,1990,121940,14.8
18,老年人口,1995,146728,17.7
18,老年人口,2000,169489,20.4
18,老年人口,2005,185501,22.5
18,老年人口,2010,200942,24.9
18,老年人口,2015,222408,28.2
18,老年人口,2020,237121,31.0
18,老年人口,2025,239707,32.4
18,老年人口,2030,240036,33.8
18,老年人口,2035,237836,34.9
18,老年人口,2040,240803,37.2
18,老年人口,2045,236322,38.4
19,総人口,1960,782062,
19,総人口,1965,763194,
19,総人口,1970,762029,
19,総人口,1975,783050,
19,総人口,1980,804256,
19,総人口,1985,832832,
19,総人口,1990,852966,
19,総人口,1995,881996,
19,総人口,2000,888172,
19,総人口,2005,884515,
19,総人口,2010,863075,
19,総人口,2015,834930,
19,総人口,2020,800729,
19,総人口,2025,763274,
19,総人口,2030,724352,
19,総人口,2035,683945,
19,総人口,2040,641932,
19,総人口,2045,598935,
19,年少人口,1960,246727,31.5
19,年少人口,1965,209781,27.4
19,年少人口,1970,188449,24.7
19,年少人口,1975,187047,23.8
19,年少人口,1980,182166,22.6
19,年少人口,1985,172875,20.7
19,年少人口,1990,155849,18.2
19,年少人口,1995,146048,16.5
19,年少人口,2000,137594,15.4
19,年少人口,2005,127627,14.4
19,年少人口,2010,115337,13.3
19,年少人口,2015,102270,12.2
19,年少人口,2020,91880,11.4
19,年少人口,2025,81917,10.7
19,年少人口,2030,74344,10.2
19,年少人口,2035,68082,9.9
19,年少人口,2040,63436,9.8
19,年少人口,2045,58823,9.8
19,生産年齢人口,1960,481033,61.5
19,生産年齢人口,1965,493846,64.7
19,生産年齢人口,1970,505237,66.3
19,生産年齢人口,1975,515970,65.8
19,生産年齢人口,1980,528571,65.7
19,生産年齢人口,1985,552259,66.3
19,生産年齢人口,1990,569805,66.8
19,生産年齢人口,1995,584721,66.2
19,生産年齢人口,2000,576767,64.9
19,生産年齢人口,2005,562495,63.5
19,生産年齢人口,2010,531455,61.5
19,生産年齢人口,2015,488845,58.5
19,生産年齢人口,2020,456631,57.0
19,生産年齢人口,2025,424027,55.5
19,生産年齢人口,2030,389009,53.7
19,生産年齢人口,2035,351810,51.4
19,生産年齢人口,2040,312478,48.6
19,生産年齢人口,2045,282742,47.2
19,老年人口,1960,54302,6.9
19,老年人口,1965,59567,7.8
19,老年人口,1970,68343,8.9
19,老年人口,1975,79870,10.1
19,老年人口,1980,93338,11.6
19,老年人口,1985,107690,12.9
19,老年人口,1990,126583,14.8
19,老年人口,1995,151148,17.1
19,老年人口,2000,173580,19.5
19,老年人口,2005,193580,21.8
19,老年人口,2010,211581,24.5
19,老年人口,2015,234544,28.0
19,老年人口,2020,252218,31.4
19,老年人口,2025,257330,33.7
19,老年人口,2030,260999,36.0
19,老年人口,2035,264053,38.6
19,老年人口,2040,266018,41.4
19,老年人口,2045,257370,42.9
20,総人口,1960,1981433,
20,総人口,1965,1958007,
20,総人口,1970,1956917,
20,総人口,1975,2017564,
20,総人口,1980,2083934,
20,総人口,1985,2136927,
20,総人口,1990,2156627,
20,総人口,1995,2193984,
20,総人口,2000,2215168,
20,総人口,2005,2196114,
20,総人口,2010,2152449,
20,総人口,2015,2098804,
20,総人口,2020,2033235,
20,総人口,2025,1957953,
20,総人口,2030,1877667,
20,総人口,2035,1793174,
20,総人口,2040,1704857,
20,総人口,2045,1614511,
20,年少人口,1960,571749,28.8
20,年少人口,1965,484702,24.7
20,年少人口,1970,449533,22.9
20,年少人口,1975,464427,23.0
20,年少人口,1980,468613,22.4
20,年少人口,1985,446549,20.8
20,年少人口,1990,392889,18.2
20,年少人口,1995,355267,16.1
20,年少人口,2000,334306,15.0
20,年少人口,2005,316368,14.4
20,年少人口,2010,295742,13.7
20,年少人口,2015,269752,12.8
20,年少人口,2020,245461,12.0
20,年少人口,2025,221821,11.3
20,年少人口,2030,203671,10.8
20,年少人口,2035,188165,10.4
20,年少人口,2040,177261,10.3
20,年少人口,2045,166853,10.3
20,生産年齢人口,1960,1267103,63.9
20,生産年齢人口,1965,1315337,67.1
20,生産年齢人口,1970,1323665,67.6
20,生産年齢人口,1975,1337660,66.3
20,生産年齢人口,1980,1362192,65.3
20,生産年齢人口,1985,1398750,65.4
20,生産年齢人口,1990,1416125,65.6
20,生産年齢人口,1995,1421782,64.8
20,生産年齢人口,2000,1404575,63.4
20,生産年齢人口,2005,1356317,61.7
20,生産年齢人口,2010,1281683,59.5
20,生産年齢人口,2015,1186865,56.5
20,生産年齢人口,2020,1128752,55.5
20,生産年齢人口,2025,1072843,54.7
20,生産年齢人口,2030,1009579,53.7
20,生産年齢人口,2035,936738,52.2
20,生産年齢人口,2040,845187,49.5
20,生産年齢人口,2045,774381,47.9
20,老年人口,1960,142581,7.1
20,老年人口,1965,157968,8.0
20,老年人口,1970,183719,9.3
20,老年人口,1975,215328,10.6
20,老年人口,1980,253120,12.1
20,老年人口,1985,291617,13.6
20,老年人口,1990,347206,16.0
20,老年人口,1995,416608,18.9
20,老年人口,2000,475127,21.4
20,老年人口,2005,521984,23.7
20,老年人口,2010,569301,26.4
20,老年人口,2015,626085,29.8
20,老年人口,2020,659022,32.4
20,老年人口,2025,663289,33.8
20,老年人口,2030,664417,35.3
20,老年人口,2035,668271,37.2
20,老年人口,2040,682409,40.0
20,老年人口,2045,673277,41.7
21,総人口,1960,1638399,
21,総人口,1965,1700365,
21,総人口,1970,1758954,
21,総人口,1975,1867978,
21,総人口,1980,1960107,
21,総人口,1985,2028536,
21,総人口,1990,2066569,
21,総人口,1995,2100315,
21,総人口,2000,2107700,
21,総人口,2005,2107226,
21,総人口,2010,2080773,
21,総人口,2015,2031903,
21,総人口,2020,1972964,
21,総人口,2025,1901131,
21,総人口,2030,1820918,
21,総人口,2035,1735195,
21,総人口,2040,1645898,
21,総人口,2045,1556529,
21,年少人口,1960,488014,29.7
21,年少人口,1965,436436,25.6
21,年少人口,1970,426860,24.2
21,年少人口,1975,462981,24.7
21,年少人口,1980,470749,24.0
21,年少人口,1985,448693,22.1
21,年少人口,1990,387665,18.7
21,年少人口,1995,347733,16.5
21,年少人口,2000,322769,15.3
21,年少人口,2005,305845,14.5
21,年少人口,2010,289748,13.9
21,年少人口,2015,266998,13.1
21,年少人口,2020,246309,12.4
21,年少人口,2025,224999,11.8
21,年少人口,2030,207284,11.3
21,年少人口,2035,191755,11.0
21,年少人口,2040,180871,10.9
21,年少人口,2045,170191,10.9
21,生産年齢人口,1960,1041553,63.5
21,生産年齢人口,1965,1144142,67.2
21,生産年齢人口,1970,1193795,67.8
21,生産年齢人口,1975,1244643,66.6
21,生産年齢人口,1980,1299372,66.2
21,生産年齢人口,1985,1359334,67.0
21,生産年齢人口,1990,1415333,68.4
21,生産年齢人口,1995,1430294,68.0
21,生産年齢人口,2000,1401064,66.4
21,生産年齢人口,2005,1357583,64.4
21,生産年齢人口,2010,1282800,61.6
21,生産年齢人口,2015,1185431,58.3
21,生産年齢人口,2020,1125425,57.0
21,生産年齢人口,2025,1072733,56.4
21,生産年齢人口,2030,1011968,55.5
21,生産年齢人口,2035,942992,54.3
21,生産年齢人口,2040,851843,51.7
21,生産年齢人口,2045,783641,50.3
21,老年人口,1960,108832,6.6
21,老年人口,1965,119787,7.0
21,老年人口,1970,138299,7.8
21,老年人口,1975,160152,8.5
21,老年人口,1980,189895,9.6
21,老年人口,1985,220397,10.8
21,老年人口,1990,262594,12.7
21,老年人口,1995,322209,15.3
21,老年人口,2000,383168,18.1
21,老年人口,2005,442124,20.9
21,老年人口,2010,499399,24.0
21,老年人口,2015,567571,27.9
21,老年人口,2020,601230,30.4
21,老年人口,2025,603399,31.7
21,老年人口,2030,601666,33.0
21,老年人口,2035,600448,34.6
21,老年人口,2040,613184,37.2
21,老年人口,2045,602697,38.7
22,総人口,1960,2756271,
22,総人口,1965,2912521,
22,総人口,1970,3089895,
22,総人口,1975,3308799,
22,総人口,1980,3446804,
22,総人口,1985,3574692,
22,総人口,1990,3670840,
22,総人口,1995,3737689,
22,総人口,2000,3767393,
22,総人口,2005,3792377,
22,総人口,2010,3765007,
22,総人口,2015,3700305,
22,総人口,2020,3615586,
22,総人口,2025,3506064,
22,総人口,2030,3380104,
22,総人口,2035,3241803,
22,総人口,2040,3094264,
22,総人口,2045,2942865,
22,年少人口,1960,851953,30.9
22,年少人口,1965,776319,26.6
22,年少人口,1970,765233,24.7
22,年少人口,1975,825424,24.9
22,年少人口,1980,832816,24.1
22,年少人口,1985,795418,22.2
22,年少人口,1990,694558,18.9
22,年少人口,1995,619445,16.5
22,年少人口,2000,568986,15.1
22,年少人口,2005,536799,14.1
22,年少人口,2010,511575,13.5
22,年少人口,2015,478084,12.9
22,年少人口,2020,444825,12.3
22,年少人口,2025,407749,11.6
22,年少人口,2030,378716,11.2
22,年少人口,2035,353742,10.9
22,年少人口,2040,336049,10.8
22,年少人口,2045,318376,10.8
22,生産年齢人口,1960,1741510,63.1
22,生産年齢人口,1965,1950298,66.9
22,生産年齢人口,1970,2106471,68.1
22,生産年齢人口,1975,2222518,67.1
22,生産年齢人口,1980,2301206,66.7
22,生産年齢人口,1985,2411753,67.4
22,生産年齢人口,1990,2530257,68.9
22,生産年齢人口,1995,2564385,68.6
22,生産年齢人口,2000,2532256,67.2
22,生産年齢人口,2005,2471335,65.1
22,生産年齢人口,2010,2339915,62.1
22,生産年齢人口,2015,2175004,58.7
22,生産年齢人口,2020,2070481,57.2
22,生産年齢人口,2025,1979377,56.4
22,生産年齢人口,2030,1876560,55.5
22,生産年齢人口,2035,1754449,54.1
22,生産年齢人口,2040,1597414,51.6
22,生産年齢人口,2045,1481066,50.3
22,老年人口,1960,162808,5.9
22,老年人口,1965,185904,6.3
22,老年人口,1970,218191,7.0
22,老年人口,1975,260626,7.8
22,老年人口,1980,312527,9.0
22,老年人口,1985,367136,10.2
22,老年人口,1990,444899,12.1
22,老年人口,1995,553530,14.8
22,老年人口,2000,665574,17.6
22,老年人口,2005,779193,20.5
22,老年人口,2010,891807,23.6
22,老年人口,2015,1021283,27.5
22,老年人口,2020,1100280,30.4
22,老年人口,2025,1118938,31.9
22,老年人口,2030,1124828,33.2
22,老年人口,2035,1133612,34.9
22,老年人口,2040,1160801,37.5
22,老年人口,2045,1143423,38.8
23,総人口,1960,4206313,
23,総人口,1965,4798653,
23,総人口,1970,5386163,
23,総人口,1975,5923569,
23,総人口,1980,6221638,
23,総人口,1985,6455172,
23,総人口,1990,6690603,
23,総人口,1995,6868336,
23,総人口,2000,7043300,
23,総人口,2005,7254704,
23,総人口,2010,7410719,
23,総人口,2015,7483128,
23,総人口,2020,7505224,
23,総人口,2025,7455615,
23,総人口,2030,7359302,
23,総人口,2035,7227958,
23,総人口,2040,7070766,
23,総人口,2045,6899465,
23,年少人口,1960,1146564,27.2
23,年少人口,1965,1149974,23.9
23,年少人口,1970,1309642,24.3
23,年少人口,1975,1536956,25.9
23,年少人口,1980,1555359,24.9
23,年少人口,1985,1446729,22.4
23,年少人口,1990,1236783,18.4
23,年少人口,1995,1120992,16.3
23,年少人口,2000,1081280,15.3
23,年少人口,2005,1069498,14.7
23,年少人口,2010,1065254,14.3
23,年少人口,2015,1022532,13.6
23,年少人口,2020,984631,13.1
23,年少人口,2025,931756,12.4
23,年少人口,2030,890816,12.1
23,年少人口,2035,856395,11.8
23,年少人口,2040,836416,11.8
23,年少人口,2045,811506,11.7
23,生産年齢人口,1960,2840677,67.5
23,生産年齢人口,1965,3394933,70.7
23,生産年齢人口,1970,3768879,69.9
23,生産年齢人口,1975,4010257,67.7
23,生産年齢人口,1980,4202305,67.5
23,生産年齢人口,1985,4458167,69.0
23,生産年齢人口,1990,4784821,71.5
23,生産年齢人口,1995,4919095,71.6
23,生産年齢人口,2000,4914857,69.7
23,生産年齢人口,2005,4901072,67.5
23,生産年齢人口,2010,4791445,64.6
23,生産年齢人口,2015,4618657,61.7
23,生産年齢人口,2020,4611330,61.4
23,生産年齢人口,2025,4574101,61.3
23,生産年齢人口,2030,4462897,60.6
23,生産年齢人口,2035,4278224,59.1
23,生産年齢人口,2040,3996599,56.5
23,生産年齢人口,2045,3803026,55.1
23,老年人口,1960,219072,5.2
23,老年人口,1965,253746,5.2
23,老年人口,1970,307642,5.7
23,老年人口,1975,375639,6.3
23,老年人口,1980,462213,7.4
23,老年人口,1985,547223,8.4
23,老年人口,1990,656283,9.8
23,老年人口,1995,819026,11.9
23,老年人口,2000,1019999,14.4
23,老年人口,2005,1248562,17.2
23,老年人口,2010,1492085,20.1
23,老年人口,2015,1760763,23.5
23,老年人口,2020,1909263,25.4
23,老年人口,2025,1949758,26.1
23,老年人口,2030,2005589,27.2
23,老年人口,2035,2093339,28.9
23,老年人口,2040,2237751,31.6
23,老年人口,2045,2284933,33.1
24,総人口,1960,1485054,
24,総人口,1965,1514467,
24,総人口,1970,1543083,
24,総人口,1975,1626002,
24,総人口,1980,1686936,
24,総人口,1985,1747311,
24,総人口,1990,1792514,
24,総人口,1995,1841358,
24,総人口,2000,1857339,
24,総人口,2005,1866963,
24,総人口,2010,1854724,
24,総人口,2015,1815865,
24,総人口,2020,1768098,
24,総人口,2025,1709820,
24,総人口,2030,1645050,
24,総人口,2035,1575867,
24,総人口,2040,1503635,
24,総人口,2045,1430804,
24,年少人口,1960,427532,28.7
24,年少人口,1965,375217,24.7
24,年少人口,1970,360446,23.3
24,年少人口,1975,385615,23.7
24,年少人口,1980,385969,22.8
24,年少人口,1985,371893,21.2
24,年少人口,1990,330251,18.4
24,年少人口,1995,303645,16.4
24,年少人口,2000,283081,15.2
24,年少人口,2005,266741,14.2
24,年少人口,2010,253174,13.6
24,年少人口,2015,233525,12.8
24,年少人口,2020,216960,12.2
24,年少人口,2025,199047,11.6
24,年少人口,2030,185178,11.2
24,年少人口,2035,172945,10.9
24,年少人口,2040,164327,10.9
24,年少人口,2045,155645,10.8
24,生産年齢人口,1960,950531,64.0
24,生産年齢人口,1965,1019994,67.3
24,生産年齢人口,1970,1044451,67.6
24,生産年齢人口,1975,1080115,66.4
24,生産年齢人口,1980,1113812,66.0
24,生産年齢人口,1985,1164508,66.6
24,生産年齢人口,1990,1218368,67.9
24,生産年齢人口,1995,1240428,67.3
24,生産年齢人口,2000,1222594,65.8
24,生産年齢人口,2005,1197255,64.1
24,生産年齢人口,2010,1142275,61.5
24,生産年齢人口,2015,1061577,58.4
24,生産年齢人口,2020,1019434,57.6
24,生産年齢人口,2025,976566,57.1
24,生産年齢人口,2030,923306,56.1
24,生産年齢人口,2035,863977,54.8
24,生産年齢人口,2040,785011,52.2
24,生産年齢人口,2045,727862,50.8
24,老年人口,1960,106991,7.2
24,老年人口,1965,119256,7.8
24,老年人口,1970,138186,8.9
24,老年人口,1975,160166,9.8
24,老年人口,1980,187019,11.0
24,老年人口,1985,210815,12.0
24,老年人口,1990,243358,13.5
24,老年人口,1995,297129,16.1
24,老年人口,2000,350959,18.8
24,老年人口,2005,400647,21.4
24,老年人口,2010,447103,24.1
24,老年人口,2015,501046,27.5
24,老年人口,2020,531704,30.0
24,老年人口,2025,534207,31.2
24,老年人口,2030,536566,32.6
24,老年人口,2035,538945,34.1
24,老年人口,2040,554297,36.8
24,老年人口,2045,547297,38.2
25,総人口,1960,842695,
25,総人口,1965,853385,
25,総人口,1970,889768,
25,総人口,1975,985621,
25,総人口,1980,1079898,
25,総人口,1985,1155844,
25,総人口,1990,1222411,
25,総人口,1995,1287005,
25,総人口,2000,1342832,
25,総人口,2005,1380361,
25,総人口,2010,1410777,
25,総人口,2015,1412916,
25,総人口,2020,1409153,
25,総人口,2025,1394593,
25,総人口,2030,1371841,
25,総人口,2035,1341440,
25,総人口,2040,1304201,
25,総人口,2045,1262924,
25,年少人口,1960,242327,28.7
25,年少人口,1965,211318,24.7
25,年少人口,1970,205440,23.0
25,年少人口,1975,238315,24.1
25,年少人口,1980,265737,24.6
25,年少人口,1985,270330,23.3
25,年少人口,1990,249258,20.3
25,年少人口,1995,231022,17.9
25,年少人口,2000,220072,16.3
25,年少人口,2005,213147,15.4
25,年少人口,2010,210753,14.9
25,年少人口,2015,203450,14.3
25,年少人口,2020,196166,13.9
25,年少人口,2025,186138,13.3
25,年少人口,2030,177370,12.9
25,年少人口,2035,169337,12.6
25,年少人口,2040,164002,12.5
25,年少人口,2045,158223,12.5
25,生産年齢人口,1960,536713,63.6
25,生産年齢人口,1965,572816,67.1
25,生産年齢人口,1970,605063,68.0
25,生産年齢人口,1975,655159,66.4
25,生産年齢人口,1980,705815,65.3
25,生産年齢人口,1985,760695,65.8
25,生産年齢人口,1990,824232,67.4
25,生産年齢人口,1995,874455,67.9
25,生産年齢人口,2000,906629,67.5
25,生産年齢人口,2005,916572,66.4
25,生産年齢人口,2010,897583,63.6
25,生産年齢人口,2015,857720,60.7
25,生産年齢人口,2020,842371,59.7
25,生産年齢人口,2025,825325,59.1
25,生産年齢人口,2030,800961,58.3
25,生産年齢人口,2035,767417,57.2
25,生産年齢人口,2040,713324,54.6
25,生産年齢人口,2045,671449,53.1
25,老年人口,1960,63655,7.5
25,老年人口,1965,69251,8.1
25,老年人口,1970,79265,8.9
25,老年人口,1975,91937,9.3
25,老年人口,1980,108245,10.0
25,老年人口,1985,124657,10.7
25,老年人口,1990,147144,12.0
25,老年人口,1995,181376,14.0
25,老年人口,2000,215552,16.0
25,老年人口,2005,249418,18.0
25,老年人口,2010,288788,20.4
25,老年人口,2015,337877,23.9
25,老年人口,2020,370616,26.3
25,老年人口,2025,383130,27.4
25,老年人口,2030,393510,28.6
25,老年人口,2035,404686,30.1
25,老年人口,2040,426875,32.7
25,老年人口,2045,433252,34.3
26,総人口,1960,1993403,
26,総人口,1965,2102808,
26,総人口,1970,2250087,
26,総人口,1975,2424856,
26,総人口,1980,2527330,
26,総人口,1985,2586574,
26,総人口,1990,2602460,
26,総人口,1995,2629592,
26,総人口,2000,2644391,
26,総人口,2005,2647660,
26,総人口,2010,2636092,
26,総人口,2015,2610353,
26,総人口,2020,2573772,
26,総人口,2025,2509875,
26,総人口,2030,2430849,
26,総人口,2035,2338843,
26,総人口,2040,2238226,
26,総人口,2045,2136807,
26,年少人口,1960,510521,25.6
26,年少人口,1965,451185,21.4
26,年少人口,1970,484024,21.5
26,年少人口,1975,559934,23.0
26,年少人口,1980,575948,22.7
26,年少人口,1985,538628,20.8
26,年少人口,1990,448900,17.2
26,年少人口,1995,390138,14.8
26,年少人口,2000,360531,13.6
26,年少人口,2005,345071,13.0
26,年少人口,2010,334444,12.6
26,年少人口,2015,313866,12.0
26,年少人口,2020,296261,11.5
26,年少人口,2025,273718,10.9
26,年少人口,2030,255327,10.5
26,年少人口,2035,238908,10.2
26,年少人口,2040,227606,10.1
26,年少人口,2045,215872,10.1
26,生産年齢人口,1960,1356441,68.0
26,生産年齢人口,1965,1503715,71.5
26,生産年齢人口,1970,1588076,70.5
26,生産年齢人口,1975,1646671,67.9
26,生産年齢人口,1980,1693183,66.9
26,生産年齢人口,1985,1757517,67.9
26,生産年齢人口,1990,1816015,69.7
26,生産年齢人口,1995,1842467,70.0
26,生産年齢人口,2000,1810233,68.4
26,生産年齢人口,2005,1755447,66.3
26,生産年齢人口,2010,1653812,62.7
26,生産年齢人口,2015,1539540,58.9
26,生産年齢人口,2020,1518762,59.0
26,生産年齢人口,2025,1474453,58.7
26,生産年齢人口,2030,1409564,57.9
26,生産年齢人口,2035,1322507,56.5
26,生産年齢人口,2040,1203061,53.7
26,生産年齢人口,2045,1113454,52.1
26,老年人口,1960,126441,6.3
26,老年人口,1965,147908,7.0
26,老年人口,1970,177987,7.9
26,老年人口,1975,217137,8.9
26,老年人口,1980,257836,10.2
26,老年人口,1985,289629,11.1
26,老年人口,1990,327429,12.5
26,老年人口,1995,386976,14.7
26,老年人口,2000,459273,17.3
26,老年人口,2005,530350,20.0
26,老年人口,2010,605709,22.9
26,老年人口,2015,703419,26.9
26,老年人口,2020,758749,29.4
26,老年人口,2025,761704,30.3
26,老年人口,2030,765958,31.5
26,老年人口,2035,777428,33.2
26,老年人口,2040,807559,36.0
26,老年人口,2045,807481,37.7
27,総人口,1960,5504746,
27,総人口,1965,6657189,
27,総人口,1970,7620480,
27,総人口,1975,8278925,
27,総人口,1980,8473446,
27,総人口,1985,8668095,
27,総人口,1990,8734516,
27,総人口,1995,8797268,
27,総人口,2000,8805081,
27,総人口,2005,8817166,
27,総人口,2010,8865245,
27,総人口,2015,8839469,
27,総人口,2020,8732289,
27,総人口,2025,8526202,
27,総人口,2030,8262029,
27,総人口,2035,7962983,
27,総人口,2040,7649229,
27,総人口,2045,7335352,
27,年少人口,1960,1408751,25.5
27,年少人口,1965,1526823,22.9
27,年少人口,1970,1820583,23.8
27,年少人口,1975,2120992,25.6
27,年少人口,1980,2067583,24.4
27,年少人口,1985,1850179,21.3
27,年少人口,1990,1503885,17.2
27,年少人口,1995,1321475,15.0
27,年少人口,2000,1249955,14.1
27,年少人口,2005,1211257,13.7
27,年少人口,2010,1165200,13.1
27,年少人口,2015,1093111,12.3
27,年少人口,2020,1026896,11.7
27,年少人口,2025,950018,11.1
27,年少人口,2030,887882,10.7
27,年少人口,2035,836296,10.5
27,年少人口,2040,803747,10.5
27,年少人口,2045,767595,10.4
27,生産年齢人口,1960,3861837,70.1
27,生産年齢人口,1965,4826846,72.5
27,生産年齢人口,1970,5406092,70.9
27,生産年齢人口,1975,5652511,68.2
27,生産年齢人口,1980,5783300,68.2
27,生産年齢人口,1985,6093737,70.3
27,生産年齢人口,1990,6347525,72.6
27,生産年齢人口,1995,6411945,72.8
27,生産年齢人口,2000,6224186,70.6
27,生産年齢人口,2005,5913558,67.0
27,生産年齢人口,2010,5648070,63.7
27,生産年齢人口,2015,5341654,60.4
27,生産年齢人口,2020,5264215,60.2
27,生産年齢人口,2025,5148449,60.3
27,生産年齢人口,2030,4929450,59.6
27,生産年齢人口,2035,4607787,57.8
27,生産年齢人口,2040,4192275,54.8
27,生産年齢人口,2045,3910455,53.3
27,老年人口,1960,234158,4.2
27,老年人口,1965,303520,4.5
27,老年人口,1970,393805,5.1
27,老年人口,1975,500674,6.0
27,老年人口,1980,613361,7.2
27,老年人口,1985,716579,8.2
27,老年人口,1990,843024,9.6
27,老年人口,1995,1047875,11.9
27,老年人口,2000,1315213,14.9
27,老年人口,2005,1634218,18.5
27,老年人口,2010,1962748,22.1
27,老年人口,2015,2278324,25.7
27,老年人口,2020,2441178,27.9
27,老年人口,2025,2427735,28.4
27,老年人口,2030,2444697,29.5
27,老年人口,2035,2518900,31.6
27,老年人口,2040,2653207,34.6
27,老年人口,2045,2657302,36.2
28,総人口,1960,3906487,
28,総人口,1965,4309944,
28,総人口,1970,4667928,
28,総人口,1975,4992140,
28,総人口,1980,5144892,
28,総人口,1985,5278050,
28,総人口,1990,5405040,
28,総人口,1995,5401877,
28,総人口,2000,5550574,
28,総人口,2005,5590601,
28,総人口,2010,5588133,
28,総人口,2015,5534800,
28,総人口,2020,5443224,
28,総人口,2025,5306083,
28,総人口,2030,5139095,
28,総人口,2035,4948778,
28,総人口,2040,4742647,
28,総人口,2045,4532499,
28,年少人口,1960,1089072,27.8
28,年少人口,1965,1037393,24.0
28,年少人口,1970,1096958,23.4
28,年少人口,1975,1224538,24.5
28,年少人口,1980,1227770,23.8
28,年少人口,1985,1149105,21.7
28,年少人口,1990,991045,18.3
28,年少人口,1995,880094,16.2
28,年少人口,2000,830112,14.9
28,年少人口,2005,793885,14.2
28,年少人口,2010,759277,13.5
28,年少人口,2015,706871,12.7
28,年少人口,2020,661563,12.1
28,年少人口,2025,608288,11.4
28,年少人口,2030,563409,10.9
28,年少人口,2035,525144,10.6
28,年少人口,2040,499853,10.5
28,年少人口,2045,474469,10.4
28,生産年齢人口,1960,2594822,66.4
28,生産年齢人口,1965,3006974,69.7
28,生産年齢人口,1970,3246965,69.5
28,生産年齢人口,1975,3369577,67.4
28,生産年齢人口,1980,3435027,66.7
28,生産年齢人口,1985,3581543,67.8
28,生産年齢人口,1990,3752880,69.4
28,生産年齢人口,1995,3755500,69.5
28,生産年齢人口,2000,3776483,68.0
28,生産年齢人口,2005,3667475,65.6
28,生産年齢人口,2010,3515442,62.9
28,生産年齢人口,2015,3280212,59.2
28,生産年齢人口,2020,3174864,58.3
28,生産年齢人口,2025,3064176,57.7
28,生産年齢人口,2030,2916530,56.7
28,生産年齢人口,2035,2725857,55.0
28,生産年齢人口,2040,2472326,52.1
28,生産年齢人口,2045,2293740,50.6
28,老年人口,1960,222593,5.6
28,老年人口,1965,265577,6.1
28,老年人口,1970,324005,6.9
28,老年人口,1975,395727,7.9
28,老年人口,1980,474708,9.2
28,老年人口,1985,545382,10.3
28,老年人口,1990,642401,11.8
28,老年人口,1995,763752,14.1
28,老年人口,2000,939950,16.9
28,老年人口,2005,1108564,19.8
28,老年人口,2010,1281486,22.9
28,老年人口,2015,1481646,26.7
28,老年人口,2020,1606797,29.5
28,老年人口,2025,1633619,30.7
28,老年人口,2030,1659156,32.2
28,老年人口,2035,1697777,34.3
28,老年人口,2040,1770468,37.3
28,老年人口,2045,1764290,38.9
29,総人口,1960,781058,
29,総人口,1965,825965,
29,総人口,1970,930160,
29,総人口,1975,1077491,
29,総人口,1980,1209365,
29,総人口,1985,1304866,
29,総人口,1990,1375481,
29,総人口,1995,1430862,
29,総人口,2000,1442795,
29,総人口,2005,1421310,
29,総人口,2010,1400728,
29,総人口,2015,1364316,
29,総人口,2020,1320075,
29,総人口,2025,1264574,
29,総人口,2030,1202479,
29,総人口,2035,1135578,
29,総人口,2040,1066267,
29,総人口,2045,998076,
29,年少人口,1960,213183,27.2
29,年少人口,1965,196950,23.8
29,年少人口,1970,212847,22.8
29,年少人口,1975,261132,24.2
29,年少人口,1980,291486,24.1
29,年少人口,1985,288515,22.1
29,年少人口,1990,255863,18.6
29,年少人口,1995,232418,16.2
29,年少人口,2000,213822,14.8
29,年少人口,2005,197136,13.8
29,年少人口,2010,184011,13.1
29,年少人口,2015,168970,12.3
29,年少人口,2020,155718,11.7
29,年少人口,2025,141163,11.1
29,年少人口,2030,128830,10.7
29,年少人口,2035,118608,10.4
29,年少人口,2040,111441,10.4
29,年少人口,2045,104315,10.4
29,生産年齢人口,1960,515426,65.9
29,生産年齢人口,1965,568411,68.8
29,生産年齢人口,1970,643163,69.1
29,生産年齢人口,1975,723989,67.1
29,生産年齢人口,1980,804308,66.5
29,生産年齢人口,1985,883787,67.7
29,生産年齢人口,1990,958469,69.6
29,生産年齢人口,1995,999261,69.8
29,生産年齢人口,2000,987435,68.4
29,生産年齢人口,2005,938702,66.0
29,生産年齢人口,2010,875062,62.4
29,生産年齢人口,2015,796552,58.3
29,生産年齢人口,2020,746377,56.5
29,生産年齢人口,2025,702824,55.5
29,生産年齢人口,2030,654137,54.3
29,生産年齢人口,2035,598276,52.6
29,生産年齢人口,2040,531278,49.8
29,生産年齢人口,2045,483398,48.4
29,老年人口,1960,52449,6.7
29,老年人口,1965,60604,7.3
29,老年人口,1970,74150,7.9
29,老年人口,1975,92033,8.5
29,老年人口,1980,112753,9.3
29,老年人口,1985,132109,10.1
29,老年人口,1990,159254,11.5
29,老年人口,1995,198192,13.8
29,老年人口,2000,239432,16.5
29,老年人口,2005,283528,19.9
29,老年人口,2010,333746,23.8
29,老年人口,2015,388614,28.4
29,老年人口,2020,417980,31.6
29,老年人口,2025,420587,33.2
29,老年人口,2030,419512,34.8
29,老年人口,2035,418694,36.8
29,老年人口,2040,423548,39.7
29,老年人口,2045,410363,41.1
30,総人口,1960,1002191,
30,総人口,1965,1026975,
30,総人口,1970,1042736,
30,総人口,1975,1072118,
30,総人口,1980,1087012,
30,総人口,1985,1087206,
30,総人口,1990,1074325,
30,総人口,1995,1080435,
30,総人口,2000,1069912,
30,総人口,2005,1035969,
30,総人口,2010,1002198,
30,総人口,2015,963579,
30,総人口,2020,921152,
30,総人口,2025,875553,
30,総人口,2030,829087,
30,総人口,2035,781816,
30,総人口,2040,734325,
30,総人口,2045,688031,
30,年少人口,1960,284394,28.3
30,年少人口,1965,252165,24.5
30,年少人口,1970,243485,23.3
30,年少人口,1975,251618,23.4
30,年少人口,1980,243977,22.4
30,年少人口,1985,225208,20.7
30,年少人口,1990,192839,17.9
30,年少人口,1995,175660,16.2
30,年少人口,2000,159496,14.9
30,年少人口,2005,142670,13.7
30,年少人口,2010,128005,12.7
30,年少人口,2015,116412,12.0
30,年少人口,2020,107233,11.6
30,年少人口,2025,98126,11.2
30,年少人口,2030,89905,10.8
30,年少人口,2035,83036,10.6
30,年少人口,2040,78184,10.6
30,年少人口,2045,73113,10.6
30,生産年齢人口,1960,645003,64.3
30,生産年齢人口,1965,692317,67.4
30,生産年齢人口,1970,702967,67.4
30,生産年齢人口,1975,708817,66.1
30,生産年齢人口,1980,714680,65.7
30,生産年齢人口,1985,718380,66.0
30,生産年齢人口,1990,716161,66.6
30,生産年齢人口,1995,709092,65.6
30,生産年齢人口,2000,683805,63.9
30,生産年齢人口,2005,642428,62.0
30,生産年齢人口,2010,594573,59.3
30,生産年齢人口,2015,546279,56.6
30,生産年齢人口,2020,509514,55.3
30,生産年齢人口,2025,477888,54.5
30,生産年齢人口,2030,445710,53.7
30,生産年齢人口,2035,412121,52.7
30,生産年齢人口,2040,370203,50.4
30,生産年齢人口,2045,340809,49.5
30,老年人口,1960,72794,7.2
30,老年人口,1965,82493,8.0
30,老年人口,1970,96284,9.2
30,老年人口,1975,111518,10.4
30,老年人口,1980,127950,11.7
30,老年人口,1985,143533,13.2
30,老年人口,1990,164552,15.3
30,老年人口,1995,195575,18.1
30,老年人口,2000,226323,21.1
30,老年人口,2005,249473,24.0
30,老年人口,2010,270846,27.0
30,老年人口,2015,296239,30.7
30,老年人口,2020,304405,33.0
30,老年人口,2025,299539,34.2
30,老年人口,2030,293472,35.3
30,老年人口,2035,286659,36.6
30,老年人口,2040,285938,38.9
30,老年人口,2045,274109,39.8
31,総人口,1960,599135,
31,総人口,1965,579853,
31,総人口,1970,568777,
31,総人口,1975,581311,
31,総人口,1980,604221,
31,総人口,1985,616024,
31,総人口,1990,615722,
31,総人口,1995,614929,
31,総人口,2000,613289,
31,総人口,2005,607012,
31,総人口,2010,588667,
31,総人口,2015,573441,
31,総人口,2020,556367,
31,総人口,2025,536747,
31,総人口,2030,516255,
31,総人口,2035,494893,
31,総人口,2040,472156,
31,総人口,2045,448529,
31,年少人口,1960,186407,31.1
31,年少人口,1965,154589,26.6
31,年少人口,1970,131725,23.1
31,年少人口,1975,128361,22.0
31,年少人口,1980,130631,21.6
31,年少人口,1985,130668,21.2
31,年少人口,1990,118201,19.1
31,年少人口,1995,105456,17.1
31,年少人口,2000,93584,15.2
31,年少人口,2005,84823,13.9
31,年少人口,2010,77951,13.2
31,年少人口,2015,73685,12.8
31,年少人口,2020,69681,12.5
31,年少人口,2025,65340,12.1
31,年少人口,2030,61206,11.8
31,年少人口,2035,57298,11.5
31,年少人口,2040,54393,11.5
31,年少人口,2045,51497,11.4
31,生産年齢人口,1960,366761,61.2
31,生産年齢人口,1965,374525,64.5
31,生産年齢人口,1970,380499,66.8
31,生産年齢人口,1975,388155,66.7
31,生産年齢人口,1980,398944,66.0
31,生産年齢人口,1985,400717,65.0
31,生産年齢人口,1990,397218,64.5
31,生産年齢人口,1995,390964,63.5
31,生産年齢人口,2000,383921,62.6
31,生産年齢人口,2005,375539,61.8
31,生産年齢人口,2010,352098,59.8
31,生産年齢人口,2015,326301,56.9
31,生産年齢人口,2020,306375,55.0
31,生産年齢人口,2025,288914,53.8
31,生産年齢人口,2030,274780,53.2
31,生産年齢人口,2035,261336,52.8
31,生産年齢人口,2040,240999,51.0
31,生産年齢人口,2045,223463,49.8
31,老年人口,1960,45967,7.6
31,老年人口,1965,50739,8.7
31,老年人口,1970,56553,9.9
31,老年人口,1975,64720,11.1
31,老年人口,1980,74474,12.3
31,老年人口,1985,84609,13.7
31,老年人口,1990,99728,16.1
31,老年人口,1995,118380,19.2
31,老年人口,2000,134984,22.0
31,老年人口,2005,146113,24.0
31,老年人口,2010,153614,26.0
31,老年人口,2015,169092,29.4
31,老年人口,2020,180311,32.4
31,老年人口,2025,182493,33.9
31,老年人口,2030,180269,34.9
31,老年人口,2035,176259,35.6
31,老年人口,2040,176764,37.4
31,老年人口,2045,173569,38.6
32,総人口,1960,888886,
32,総人口,1965,821620,
32,総人口,1970,773575,
32,総人口,1975,768886,
32,総人口,1980,784795,
32,総人口,1985,794629,
32,総人口,1990,781021,
32,総人口,1995,771441,
32,総人口,2000,761503,
32,総人口,2005,742223,
32,総人口,2010,717397,
32,総人口,2015,694352,
32,総人口,2020,669797,
32,総人口,2025,642787,
32,総人口,2030,615424,
32,総人口,2035,587556,
32,総人口,2040,558290,
32,総人口,2045,528988,
32,年少人口,1960,282596,31.7
32,年少人口,1965,218403,26.5
32,年少人口,1970,178457,23.0
32,年少人口,1975,168072,21.8
32,年少人口,1980,167310,21.3
32,年少人口,1985,162817,20.4
32,年少人口,1990,143884,18.4
32,年少人口,1995,126403,16.3
32,年少人口,2000,111982,14.7
32,年少人口,2005,100542,13.5
32,年少人口,2010,92218,12.8
32,年少人口,2015,86056,12.3
32,年少人口,2020,81489,12.1
32,年少人口,2025,76203,11.8
32,年少人口,2030,71080,11.5
32,年少人口,2035,66336,11.2
32,年少人口,2040,62832,11.2
32,年少人口,2045,59392,11.2
32,生産年齢人口,1960,531573,59.8
32,生産年齢人口,1965,523286,63.6
32,生産年齢人口,1970,508173,65.6
32,生産年齢人口,1975,504941,65.6
32,生産年齢人口,1980,509938,64.9
32,生産年齢人口,1985,510054,64.1
32,生産年齢人口,1990,494253,63.2
32,生産年齢人口,1995,477919,61.9
32,生産年齢人口,2000,460103,60.4
32,生産年齢人口,2005,439471,59.2
32,生産年齢人口,2010,414153,57.7
32,生産年齢人口,2015,376877,54.2
32,生産年齢人口,2020,355208,53.0
32,生産年齢人口,2025,335195,52.1
32,生産年齢人口,2030,319377,51.8
32,生産年齢人口,2035,303960,51.7
32,生産年齢人口,2040,280285,50.2
32,生産年齢人口,2045,260458,49.2
32,老年人口,1960,74717,8.4
32,老年人口,1965,79931,9.7
32,老年人口,1970,86945,11.2
32,老年人口,1975,95831,12.4
32,老年人口,1980,107479,13.6
32,老年人口,1985,121744,15.3
32,老年人口,1990,142061,18.1
32,老年人口,1995,167040,21.6
32,老年人口,2000,189031,24.8
32,老年人口,2005,201103,27.0
32,老年人口,2010,207398,28.9
32,老年人口,2015,222648,32.0
32,老年人口,2020,233100,34.8
32,老年人口,2025,231389,35.9
32,老年人口,2030,224967,36.5
32,老年人口,2035,217260,36.9
32,老年人口,2040,215173,38.5
32,老年人口,2045,209138,39.5
33,総人口,1960,1670454,
33,総人口,1965,1645135,
33,総人口,1970,1707026,
33,総人口,1975,1814305,
33,総人口,1980,1871023,
33,総人口,1985,1916906,
33,総人口,1990,1925877,
33,総人口,1995,1950750,
33,総人口,2000,1950828,
33,総人口,2005,1957264,
33,総人口,2010,1945276,
33,総人口,2015,1921525,
33,総人口,2020,1889729,
33,総人口,2025,1846230,
33,総人口,2030,1796872,
33,総人口,2035,1741517,
33,総人口,2040,1681383,
33,総人口,2045,1620031,
33,年少人口,1960,480141,28.7
33,年少人口,1965,396579,24.1
33,年少人口,1970,384967,22.5
33,年少人口,1975,416900,22.9
33,年少人口,1980,424254,22.6
33,年少人口,1985,409216,21.3
33,年少人口,1990,353191,18.3
33,年少人口,1995,315902,16.1
33,年少人口,2000,291346,14.9
33,年少人口,2005,275743,14.0
33,年少人口,2010,264853,13.6
33,年少人口,2015,247890,12.9
33,年少人口,2020,236635,12.5
33,年少人口,2025,222910,12.0
33,年少人口,2030,211784,11.7
33,年少人口,2035,201661,11.5
33,年少人口,2040,195127,11.6
33,年少人口,2045,187670,11.5
33,生産年齢人口,1960,1064304,63.7
33,生産年齢人口,1965,1105115,67.1
33,生産年齢人口,1970,1155806,67.7
33,生産年齢人口,1975,1203853,66.3
33,生産年齢人口,1980,1223235,65.3
33,生産年齢人口,1985,1257858,65.6
33,生産年齢人口,1990,1286221,66.7
33,生産年齢人口,1995,1294239,66.3
33,生産年齢人口,2000,1265122,64.8
33,生産年齢人口,2005,1236318,63.1
33,生産年齢人口,2010,1178493,60.5
33,生産年齢人口,2015,1098140,57.1
33,生産年齢人口,2020,1077139,56.9
33,生産年齢人口,2025,1044634,56.5
33,生産年齢人口,2030,1012442,56.3
33,生産年齢人口,2035,970500,55.7
33,生産年齢人口,2040,899617,53.5
33,生産年齢人口,2045,848928,52.4
33,老年人口,1960,126009,7.5
33,老年人口,1965,143441,8.7
33,老年人口,1970,166253,9.7
33,老年人口,1975,193289,10.6
33,老年人口,1980,223306,11.9
33,老年人口,1985,249555,13.0
33,老年人口,1990,285764,14.8
33,老年人口,1995,339313,17.3
33,老年人口,2000,393658,20.1
33,老年人口,2005,438054,22.3
33,老年人口,2010,484718,24.9
33,老年人口,2015,540876,28.1
33,老年人口,2020,575955,30.4
33,老年人口,2025,578686,31.3
33,老年人口,2030,572646,31.8
33,老年人口,2035,569356,32.6
33,老年人口,2040,586639,34.8
33,老年人口,2045,583433,36.0
34,総人口,1960,2184043,
34,総人口,1965,2281146,
34,総人口,1970,2436135,
34,総人口,1975,2646324,
34,総人口,1980,2739161,
34,総人口,1985,2819200,
34,総人口,1990,2849847,
34,総人口,1995,2881748,
34,総人口,2000,2878915,
34,総人口,2005,2876642,
34,総人口,2010,2860750,
34,総人口,2015,2843990,
34,総人口,2020,2814088,
34,総人口,2025,2758220,
34,総人口,2030,2689284,
34,総人口,2035,2609116,
34,総人口,2040,2520520,
34,総人口,2045,2428818,
34,年少人口,1960,630494,28.8
34,年少人口,1965,552521,24.2
34,年少人口,1970,558818,22.9
34,年少人口,1975,633219,23.9
34,年少人口,1980,647154,23.6
34,年少人口,1985,615159,21.8
34,年少人口,1990,525256,18.4
34,年少人口,1995,466553,16.1
34,年少人口,2000,428035,14.8
34,年少人口,2005,403271,14.0
34,年少人口,2010,386810,13.5
34,年少人口,2015,375890,13.2
34,年少人口,2020,364058,12.9
34,年少人口,2025,344009,12.4
34,年少人口,2030,325765,12.1
34,年少人口,2035,310624,11.9
34,年少人口,2040,301374,11.9
34,年少人口,2045,290668,11.9
34,生産年齢人口,1960,1398637,64.0
34,生産年齢人口,1965,1552711,68.0
34,生産年齢人口,1970,1676536,68.8
34,生産年齢人口,1975,1777306,67.1
34,生産年齢人口,1980,1811865,66.1
34,生産年齢人口,1985,1879843,66.6
34,生産年齢人口,1990,1936818,67.9
34,生産年齢人口,1995,1956268,67.8
34,生産年齢人口,2000,1916796,66.5
34,生産年齢人口,2005,1858849,64.6
34,生産年齢人口,2010,1765036,61.6
34,生産年齢人口,2015,1662522,58.4
34,生産年齢人口,2020,1620685,57.5
34,生産年齢人口,2025,1578899,57.2
34,生産年齢人口,2030,1532933,57.0
34,生産年齢人口,2035,1466304,56.1
34,生産年齢人口,2040,1359166,53.9
34,生産年齢人口,2045,1283476,52.8
34,老年人口,1960,154912,7.0
34,老年人口,1965,175914,7.7
34,老年人口,1970,200781,8.2
34,老年人口,1975,235015,8.8
34,老年人口,1980,279132,10.1
34,老年人口,1985,323455,11.4
34,老年人口,1990,381477,13.3
34,老年人口,1995,456497,15.8
34,老年人口,2000,531537,18.4
34,老年人口,2005,600545,20.8
34,老年人口,2010,676660,23.6
34,老年人口,2015,774440,27.2
34,老年人口,2020,829345,29.4
34,老年人口,2025,835312,30.2
34,老年人口,2030,830586,30.8
34,老年人口,2035,832188,31.8
34,老年人口,2040,859980,34.1
34,老年人口,2045,854674,35.1
35,総人口,1960,1602207,
35,総人口,1965,1543573,
35,総人口,1970,1511448,
35,総人口,1975,1555218,
35,総人口,1980,1587079,
35,総人口,1985,1601627,
35,総人口,1990,1572616,
35,総人口,1995,1555543,
35,総人口,2000,1527964,
35,総人口,2005,1492606,
35,総人口,2010,1451338,
35,総人口,2015,1404729,
35,総人口,2020,1352379,
35,総人口,2025,1292809,
35,総人口,2030,1230324,
35,総人口,2035,1165692,
35,総人口,2040,1099619,
35,総人口,2045,1035661,
35,年少人口,1960,490455,30.6
35,年少人口,1965,393960,25.5
35,年少人口,1970,348362,23.0
35,年少人口,1975,355657,22.8
35,年少人口,1980,354404,22.3
35,年少人口,1985,333923,20.8
35,年少人口,1990,278562,17.7
35,年少人口,1995,240469,15.4
35,年少人口,2000,213578,13.9
35,年少人口,2005,196729,13.1
35,年少人口,2010,184049,12.6
35,年少人口,2015,170022,12.1
35,年少人口,2020,157683,11.6
35,年少人口,2025,144656,11.1
35,年少人口,2030,133287,10.8
35,年少人口,2035,123190,10.5
35,年少人口,2040,116025,10.5
35,年少人口,2045,109151,10.5
35,生産年齢人口,1960,1002957,62.5
35,生産年齢人口,1965,1027984,66.5
35,生産年齢人口,1970,1025839,67.8
35,生産年齢人口,1975,1041291,66.9
35,生産年齢人口,1980,1048137,66.0
35,生産年齢人口,1985,1055436,65.8
35,生産年齢人口,1990,1042910,66.3
35,生産年齢人口,1995,1018839,65.4
35,生産年齢人口,2000,974131,63.7
35,生産年齢人口,2005,920531,61.6
35,生産年齢人口,2010,857956,59.1
35,生産年齢人口,2015,778430,55.4
35,生産年齢人口,2020,727697,53.8
35,生産年齢人口,2025,688805,53.2
35,生産年齢人口,2030,655033,53.2
35,生産年齢人口,2035,615659,52.8
35,生産年齢人口,2040,558879,50.8
35,生産年齢人口,2045,515481,49.7
35,老年人口,1960,108795,6.7
35,老年人口,1965,121629,7.8
35,老年人口,1970,137247,9.0
35,老年人口,1975,158042,10.1
35,老年人口,1980,184160,11.6
35,老年人口,1985,212237,13.2
35,老年人口,1990,249488,15.8
35,老年人口,1995,295702,19.0
35,老年人口,2000,339836,22.2
35,老年人口,2005,373346,25.0
35,老年人口,2010,404694,27.8
35,老年人口,2015,447862,31.8
35,老年人口,2020,466999,34.5
35,老年人口,2025,459348,35.5
35,老年人口,2030,442004,35.9
35,老年人口,2035,426843,36.6
35,老年人口,2040,424715,38.6
35,老年人口,2045,411029,39.6
36,総人口,1960,847274,
36,総人口,1965,815115,
36,総人口,1970,791111,
36,総人口,1975,805166,
36,総人口,1980,825261,
36,総人口,1985,834889,
36,総人口,1990,831598,
36,総人口,1995,832427,
36,総人口,2000,824108,
36,総人口,2005,809950,
36,総人口,2010,785491,
36,総人口,2015,755733,
36,総人口,2020,723087,
36,総人口,2025,687680,
36,総人口,2030,651234,
36,総人口,2035,613686,
36,総人口,2040,574474,
36,総人口,2045,535370,
36,年少人口,1960,275274,32.4
36,年少人口,1965,219279,26.9
36,年少人口,1970,183878,23.2
36,年少人口,1975,177555,22.0
36,年少人口,1980,175295,21.2
36,年少人口,1985,170062,20.3
36,年少人口,1990,149770,18.0
36,年少人口,1995,132495,15.9
36,年少人口,2000,117217,14.2
36,年少人口,2005,105814,13.0
36,年少人口,2010,96596,12.2
36,年少人口,2015,87030,11.5
36,年少人口,2020,79833,11.0
36,年少人口,2025,72901,10.6
36,年少人口,2030,66597,10.2
36,年少人口,2035,60805,9.9
36,年少人口,2040,56412,9.8
36,年少人口,2045,52214,9.7
36,生産年齢人口,1960,508733,60.0
36,生産年齢人口,1965,527617,64.7
36,生産年齢人口,1970,531168,67.1
36,生産年齢人口,1975,541049,67.1
36,生産年齢人口,1980,550779,66.7
36,生産年齢人口,1985,553858,66.3
36,生産年齢人口,1990,551067,66.2
36,生産年齢人口,1995,541945,65.1
36,生産年齢人口,2000,525724,63.7
36,生産年齢人口,2005,506642,62.5
36,生産年齢人口,2010,471788,60.0
36,生産年齢人口,2015,428059,56.6
36,生産年齢人口,2020,398106,55.0
36,生産年齢人口,2025,370243,53.8
36,生産年齢人口,2030,345806,53.1
36,生産年齢人口,2035,321029,52.3
36,生産年齢人口,2040,287977,50.1
36,生産年齢人口,2045,261041,48.7
36,老年人口,1960,63267,7.4
36,老年人口,1965,68219,8.3
36,老年人口,1970,76065,9.6
36,老年人口,1975,86505,10.7
36,老年人口,1980,98904,11.9
36,老年人口,1985,110921,13.2
36,老年人口,1990,129105,15.5
36,老年人口,1995,157461,18.9
36,老年人口,2000,180637,21.9
36,老年人口,2005,197313,24.3
36,老年人口,2010,209926,26.7
36,老年人口,2015,230914,30.5
36,老年人口,2020,245148,33.9
36,老年人口,2025,244536,35.5
36,老年人口,2030,238831,36.6
36,老年人口,2035,231852,37.7
36,老年人口,2040,230085,40.0
36,老年人口,2045,222115,41.4
37,総人口,1960,918867,
37,総人口,1965,900845,
37,総人口,1970,907897,
37,総人口,1975,961292,
37,総人口,1980,999864,
37,総人口,1985,1022569,
37,総人口,1990,1023412,
37,総人口,1995,1027006,
37,総人口,2000,1022890,
37,総人口,2005,1012400,
37,総人口,2010,995842,
37,総人口,2015,976263,
37,総人口,2020,951400,
37,総人口,2025,921343,
37,総人口,2030,888509,
37,総人口,2035,853054,
37,総人口,2040,814677,
37,総人口,2045,776478,
37,年少人口,1960,277844,30.2
37,年少人口,1965,219450,24.3
37,年少人口,1970,201068,22.1
37,年少人口,1975,213857,22.2
37,年少人口,1980,222244,22.2
37,年少人口,1985,214695,20.9
37,年少人口,1990,184729,18.0
37,年少人口,1995,161674,15.7
37,年少人口,2000,148215,14.4
37,年少人口,2005,139505,13.7
37,年少人口,2010,131670,13.2
37,年少人口,2015,122324,12.5
37,年少人口,2020,114945,12.0
37,年少人口,2025,106720,11.5
37,年少人口,2030,99651,11.2
37,年少人口,2035,93160,10.9
37,年少人口,2040,88734,10.8
37,年少人口,2045,84537,10.8
37,生産年齢人口,1960,572304,62.2
37,生産年齢人口,1965,604865,67.1
37,生産年齢人口,1970,620169,68.3
37,生産年齢人口,1975,645957,67.1
37,生産年齢人口,1980,658291,65.8
37,生産年齢人口,1985,672022,65.7
37,生産年齢人口,1990,680493,66.4
37,生産年齢人口,1995,678404,66.0
37,生産年齢人口,2000,659881,64.5
37,生産年齢人口,2005,635746,62.7
37,生産年齢人口,2010,595451,59.7
37,生産年齢人口,2015,547844,56.1
37,生産年齢人口,2020,530820,55.7
37,生産年齢人口,2025,508666,55.2
37,生産年齢人口,2030,488377,54.9
37,生産年齢人口,2035,463602,54.3
37,生産年齢人口,2040,424452,52.1
37,生産年齢人口,2045,394400,50.7
37,老年人口,1960,68719,7.4
37,老年人口,1965,76530,8.4
37,老年人口,1970,86660,9.5
37,老年人口,1975,101376,10.5
37,老年人口,1980,119031,11.9
37,老年人口,1985,135696,13.2
37,老年人口,1990,157237,15.3
37,老年人口,1995,186850,18.1
37,老年人口,2000,214242,20.9
37,老年人口,2005,235508,23.2
37,老年人口,2010,253245,25.4
37,老年人口,2015,286296,29.3
37,老年人口,2020,305635,32.1
37,老年人口,2025,305957,33.2
37,老年人口,2030,300481,33.8
37,老年人口,2035,296292,34.7
37,老年人口,2040,301491,37.0
37,老年人口,2045,297541,38.3
38,総人口,1960,1500687,
38,総人口,1965,1446384,
38,総人口,1970,1418124,
38,総人口,1975,1465215,
38,総人口,1980,1506637,
38,総人口,1985,1529983,
38,総人口,1990,1515025,
38,総人口,1995,1506700,
38,総人口,2000,1493092,
38,総人口,2005,1467815,
38,総人口,2010,1431493,
38,総人口,2015,1385262,
38,総人口,2020,1332802,
38,総人口,2025,1274128,
38,総人口,2030,1212388,
38,総人口,2035,1148113,
38,総人口,2040,1080610,
38,総人口,2045,1012995,
38,年少人口,1960,491067,32.7
38,年少人口,1965,394189,27.2
38,年少人口,1970,342671,24.1
38,年少人口,1975,343882,23.4
38,年少人口,1980,341262,22.6
38,年少人口,1985,325958,21.3
38,年少人口,1990,280919,18.5
38,年少人口,1995,245563,16.2
38,年少人口,2000,219340,14.6
38,年少人口,2005,200270,13.6
38,年少人口,2010,185179,12.9
38,年少人口,2015,169110,12.2
38,年少人口,2020,156775,11.7
38,年少人口,2025,142540,11.1
38,年少人口,2030,129656,10.6
38,年少人口,2035,118043,10.2
38,年少人口,2040,109277,10.1
38,年少人口,2045,101207,9.9
38,生産年齢人口,1960,901968,60.1
38,生産年齢人口,1965,933371,64.5
38,生産年齢人口,1970,942241,66.4
38,生産年齢人口,1975,968827,66.1
38,生産年齢人口,1980,990401,65.7
38,生産年齢人口,1985,1005968,65.7
38,生産年齢人口,1990,1000404,66.0
38,生産年齢人口,1995,982400,65.2
38,生産年齢人口,2000,953189,63.8
38,生産年齢人口,2005,914747,62.3
38,生産年齢人口,2010,858991,60.0
38,生産年齢人口,2015,776111,56.0
38,生産年齢人口,2020,730723,54.8
38,生産年齢人口,2025,685299,53.7
38,生産年齢人口,2030,642775,53.0
38,生産年齢人口,2035,599283,52.1
38,生産年齢人口,2040,539391,49.9
38,生産年齢人口,2045,491642,48.5
38,老年人口,1960,107652,7.1
38,老年人口,1965,118824,8.2
38,老年人口,1970,133212,9.3
38,老年人口,1975,152344,10.3
38,老年人口,1980,174729,11.5
38,老年人口,1985,198044,12.9
38,老年人口,1990,232726,15.3
38,老年人口,1995,278691,18.4
38,老年人口,2000,320078,21.4
38,老年人口,2005,351990,23.9
38,老年人口,2010,378591,26.4
38,老年人口,2015,417186,30.1
38,老年人口,2020,445304,33.4
38,老年人口,2025,446289,35.0
38,老年人口,2030,439957,36.2
38,老年人口,2035,430787,37.5
38,老年人口,2040,431942,39.9
38,老年人口,2045,420146,41.4
39,総人口,1960,854595,
39,総人口,1965,812714,
39,総人口,1970,786882,
39,総人口,1975,808397,
39,総人口,1980,831275,
39,総人口,1985,839784,
39,総人口,1990,825034,
39,総人口,1995,816704,
39,総人口,2000,813949,
39,総人口,2005,796292,
39,総人口,2010,764456,
39,総人口,2015,728276,
39,総人口,2020,691090,
39,総人口,2025,652757,
39,総人口,2030,614449,
39,総人口,2035,575728,
39,総人口,2040,536443,
39,総人口,2045,498460,
39,年少人口,1960,253081,29.6
39,年少人口,1965,200055,24.6
39,年少人口,1970,171991,21.8
39,年少人口,1975,173005,21.4
39,年少人口,1980,173649,20.8
39,年少人口,1985,168580,20.0
39,年少人口,1990,144276,17.4
39,年少人口,1995,125833,15.4
39,年少人口,2000,111740,13.7
39,年少人口,2005,102421,12.8
39,年少人口,2010,92798,12.1
39,年少人口,2015,83884,11.5
39,年少人口,2020,76335,11.0
39,年少人口,2025,68775,10.5
39,年少人口,2030,62306,10.1
39,年少人口,2035,56380,9.7
39,年少人口,2040,52105,9.7
39,年少人口,2045,48198,9.6
39,生産年齢人口,1960,528882,61.8
39,生産年齢人口,1965,530837,65.3
39,生産年齢人口,1970,524918,66.7
39,生産年齢人口,1975,536129,66.3
39,生産年齢人口,1980,547780,65.8
39,生産年齢人口,1985,548167,65.2
39,生産年齢人口,1990,535995,64.9
39,生産年齢人口,1995,522208,63.9
39,生産年齢人口,2000,509050,62.5
39,生産年齢人口,2005,487367,61.2
39,生産年齢人口,2010,447540,58.5
39,生産年齢人口,2015,400605,55.0
39,生産年齢人口,2020,370062,53.5
39,生産年齢人口,2025,343706,52.6
39,生産年齢人口,2030,319382,51.9
39,生産年齢人口,2035,296169,51.4
39,生産年齢人口,2040,263431,49.1
39,生産年齢人口,2045,237246,47.5
39,老年人口,1960,72632,8.4
39,老年人口,1965,81822,10.0
39,老年人口,1970,89973,11.4
39,老年人口,1975,98752,12.2
39,老年人口,1980,109116,13.1
39,老年人口,1985,121759,14.4
39,老年人口,1990,141508,17.1
39,老年人口,1995,167967,20.5
39,老年人口,2000,191729,23.5
39,老年人口,2005,206375,25.9
39,老年人口,2010,218148,28.5
39,老年人口,2015,237012,32.5
39,老年人口,2020,244693,35.4
39,老年人口,2025,240276,36.8
39,老年人口,2030,232761,37.8
39,老年人口,2035,223179,38.7
39,老年人口,2040,220907,41.1
39,老年人口,2045,213016,42.7
40,総人口,1960,4006679,
40,総人口,1965,3964611,
40,総人口,1970,4027416,
40,総人口,1975,4292963,
40,総人口,1980,4553461,
40,総人口,1985,4719259,
40,総人口,1990,4811050,
40,総人口,1995,4933393,
40,総人口,2000,5015699,
40,総人口,2005,5049908,
40,総人口,2010,5071968,
40,総人口,2015,5101556,
40,総人口,2020,5097530,
40,総人口,2025,5042774,
40,総人口,2030,4955295,
40,総人口,2035,4841878,
40,総人口,2040,4704812,
40,総人口,2045,4554486,
40,年少人口,1960,1257355,31.3
40,年少人口,1965,1040391,26.2
40,年少人口,1970,943395,23.4
40,年少人口,1975,1002084,23.3
40,年少人口,1980,1049782,23.0
40,年少人口,1985,1028211,21.7
40,年少人口,1990,910356,18.9
40,年少人口,1995,815170,16.5
40,年少人口,2000,742740,14.8
40,年少人口,2005,701195,13.8
40,年少人口,2010,684124,13.4
40,年少人口,2015,676045,13.2
40,年少人口,2020,668218,13.1
40,年少人口,2025,640257,12.6
40,年少人口,2030,609232,12.2
40,年少人口,2035,581006,11.9
40,年少人口,2040,561627,11.9
40,年少人口,2045,540881,11.8
40,生産年齢人口,1960,2541467,63.4
40,生産年齢人口,1965,2678982,67.5
40,生産年齢人口,1970,2791505,69.3
40,生産年齢人口,1975,2933745,68.3
40,生産年齢人口,1980,3073049,67.4
40,生産年齢人口,1985,3190270,67.6
40,生産年齢人口,1990,3287878,68.3
40,生産年齢人口,1995,3382470,68.5
40,生産年齢人口,2000,3393080,67.6
40,生産年齢人口,2005,3326610,65.8
40,生産年齢人口,2010,3227932,63.6
40,生産年齢人口,2015,3057855,59.9
40,生産年齢人口,2020,2983258,58.5
40,生産年齢人口,2025,2910278,57.7
40,生産年齢人口,2030,2836752,57.2
40,生産年齢人口,2035,2730099,56.3
40,生産年齢人口,2040,2556972,54.3
40,生産年齢人口,2045,2412331,52.9
40,老年人口,1960,207857,5.1
40,老年人口,1965,245238,6.1
40,老年人口,1970,292516,7.2
40,老年人口,1975,354847,8.2
40,老年人口,1980,426495,9.3
40,老年人口,1985,499228,10.5
40,老年人口,1990,597869,12.4
40,老年人口,1995,728574,14.7
40,老年人口,2000,870290,17.3
40,老年人口,2005,997798,19.7
40,老年人口,2010,1123376,22.1
40,老年人口,2015,1304764,25.5
40,老年人口,2020,1446054,28.3
40,老年人口,2025,1492239,29.5
40,老年人口,2030,1509311,30.4
40,老年人口,2035,1530773,31.6
40,老年人口,2040,1586213,33.7
40,老年人口,2045,1601274,35.1
41,総人口,1960,942874,
41,総人口,1965,871885,
41,総人口,1970,838468,
41,総人口,1975,837674,
41,総人口,1980,865574,
41,総人口,1985,880013,
41,総人口,1990,877851,
41,総人口,1995,884316,
41,総人口,2000,876654,
41,総人口,2005,866369,
41,総人口,2010,849788,
41,総人口,2015,832832,
41,総人口,2020,810484,
41,総人口,2025,784789,
41,総人口,2030,757242,
41,総人口,2035,728170,
41,総人口,2040,696815,
41,総人口,2045,663781,
41,年少人口,1960,324790,34.4
41,年少人口,1965,260148,29.8
41,年少人口,1970,214672,25.6
41,年少人口,1975,202122,24.1
41,年少人口,1980,200620,23.1
41,年少人口,1985,196114,22.2
41,年少人口,1990,177614,20.2
41,年少人口,1995,160307,18.1
41,年少人口,2000,144028,16.4
41,年少人口,2005,131969,15.2
41,年少人口,2010,123447,14.5
41,年少人口,2015,116122,13.9
41,年少人口,2020,110319,13.6
41,年少人口,2025,103830,13.2
41,年少人口,2030,97683,12.8
41,年少人口,2035,91937,12.6
41,年少人口,2040,87363,12.5
41,年少人口,2045,82750,12.4
41,生産年齢人口,1960,558230,59.2
41,生産年齢人口,1965,543568,62.3
41,生産年齢人口,1970,546071,65.1
41,生産年齢人口,1975,545454,65.1
41,生産年齢人口,1980,562529,64.9
41,生産年齢人口,1985,569523,64.7
41,生産年齢人口,1990,566934,64.5
41,生産年齢人口,1995,566671,64.0
41,生産年齢人口,2000,553351,63.1
41,生産年齢人口,2005,537864,62.0
41,生産年齢人口,2010,515206,60.6
41,生産年齢人口,2015,483019,57.9
41,生産年齢人口,2020,451802,55.7
41,生産年齢人口,2025,426949,54.4
41,生産年齢人口,2030,406369,53.6
41,生産年齢人口,2035,386308,53.0
41,生産年齢人口,2040,359846,51.6
41,生産年齢人口,2045,335720,50.5
41,老年人口,1960,59854,6.3
41,老年人口,1965,68169,7.8
41,老年人口,1970,77725,9.2
41,老年人口,1975,90026,10.7
41,老年人口,1980,102377,11.8
41,老年人口,1985,114353,12.9
41,老年人口,1990,132972,15.1
41,老年人口,1995,157329,17.7
41,老年人口,2000,179132,20.4
41,老年人口,2005,196108,22.6
41,老年人口,2010,208096,24.4
41,老年人口,2015,229335,27.5
41,老年人口,2020,248363,30.6
41,老年人口,2025,254010,32.3
41,老年人口,2030,253190,33.4
41,老年人口,2035,249925,34.3
41,老年人口,2040,249606,35.8
41,老年人口,2045,245311,36.9
42,総人口,1960,1760421,
42,総人口,1965,1641245,
42,総人口,1970,1570245,
42,総人口,1975,1571912,
42,総人口,1980,1590564,
42,総人口,1985,1593968,
42,総人口,1990,1562959,
42,総人口,1995,1544934,
42,総人口,2000,1516523,
42,総人口,2005,1478632,
42,総人口,2010,1426779,
42,総人口,2015,1377187,
42,総人口,2020,1320596,
42,総人口,2025,1257939,
42,総人口,2030,1192223,
42,総人口,2035,1124291,
42,総人口,2040,1053851,
42,総人口,2045,982200,
42,年少人口,1960,638850,36.2
42,年少人口,1965,527123,32.1
42,年少人口,1970,439298,27.9
42,年少人口,1975,403824,25.6
42,年少人口,1980,385200,24.2
42,年少人口,1985,361823,22.6
42,年少人口,1990,316761,20.2
42,年少人口,1995,277263,17.9
42,年少人口,2000,243046,16.0
42,年少人口,2005,215987,14.6
42,年少人口,2010,193428,13.5
42,年少人口,2015,177562,12.8
42,年少人口,2020,165646,12.5
42,年少人口,2025,152059,12.0
42,年少人口,2030,138547,11.6
42,年少人口,2035,126629,11.2
42,年少人口,2040,117196,11.1
42,年少人口,2045,107831,10.9
42,生産年齢人口,1960,1019529,57.9
42,生産年齢人口,1965,999303,60.8
42,生産年齢人口,1970,1002416,63.8
42,生産年齢人口,1975,1019301,64.8
42,生産年齢人口,1980,1035278,65.0
42,生産年齢人口,1985,1038396,65.1
42,生産年齢人口,1990,1016338,65.0
42,生産年齢人口,1995,993783,64.3
42,生産年齢人口,2000,956692,63.0
42,生産年齢人口,2005,913224,61.7
42,生産年齢人口,2010,857416,60.0
42,生産年齢人口,2015,784862,56.9
42,生産年齢人口,2020,718983,54.4
42,生産年齢人口,2025,663485,52.7
42,生産年齢人口,2030,617161,51.7
42,生産年齢人口,2035,572299,50.9
42,生産年齢人口,2040,519310,49.2
42,生産年齢人口,2045,475497,48.4
42,老年人口,1960,102042,5.7
42,老年人口,1965,114819,6.9
42,老年人口,1970,128531,8.1
42,老年人口,1975,148708,9.4
42,老年人口,1980,169753,10.6
42,老年人口,1985,193605,12.1
42,老年人口,1990,228991,14.6
42,老年人口,1995,273335,17.6
42,老年人口,2000,315871,20.8
42,老年人口,2005,348820,23.5
42,老年人口,2010,369290,25.8
42,老年人口,2015,404686,29.3
42,老年人口,2020,435967,33.0
42,老年人口,2025,442395,35.1
42,老年人口,2030,436515,36.6
42,老年人口,2035,425363,37.8
42,老年人口,2040,417345,39.6
42,老年人口,2045,398872,40.6
43,総人口,1960,1856192,
43,総人口,1965,1770736,
43,総人口,1970,1700229,
43,総人口,1975,1715273,
43,総人口,1980,1790327,
43,総人口,1985,1837747,
43,総人口,1990,1840326,
43,総人口,1995,1859793,
43,総人口,2000,1859344,
43,総人口,2005,1842233,
43,総人口,2010,1817426,
43,総人口,2015,1786170,
43,総人口,2020,1742273,
43,総人口,2025,1691314,
43,総人口,2030,1635901,
43,総人口,2035,1576825,
43,総人口,2040,1511793,
43,総人口,2045,1442442,
43,年少人口,1960,629548,33.9
43,年少人口,1965,521466,29.4
43,年少人口,1970,429523,25.2
43,年少人口,1975,397402,23.1
43,年少人口,1980,395027,22.0
43,年少人口,1985,389073,21.1
43,年少人口,1990,355634,19.3
43,年少人口,1995,321462,17.2
43,年少人口,2000,288654,15.5
43,年少人口,2005,264013,14.3
43,年少人口,2010,249606,13.7
43,年少人口,2015,241167,13.5
43,年少人口,2020,233046,13.3
43,年少人口,2025,221441,13.0
43,年少人口,2030,209545,12.8
43,年少人口,2035,198731,12.6
43,年少人口,2040,190155,12.5
43,年少人口,2045,181207,12.5
43,生産年齢人口,1960,1099534,59.2
43,生産年齢人口,1965,1105606,62.4
43,生産年齢人口,1970,1110662,65.3
43,生産年齢人口,1975,1134900,66.1
43,生産年齢人口,1980,1185078,66.1
43,生産年齢人口,1985,1206658,65.6
43,生産年齢人口,1990,1198319,65.1
43,生産年齢人口,1995,1196479,64.3
43,生産年齢人口,2000,1173790,63.1
43,生産年齢人口,2005,1139125,61.8
43,生産年齢人口,2010,1093440,60.1
43,生産年齢人口,2015,1024400,57.3
43,生産年齢人口,2020,959598,55.0
43,生産年齢人口,2025,907951,53.6
43,生産年齢人口,2030,865823,52.9
43,生産年齢人口,2035,826719,52.4
43,生産年齢人口,2040,773793,51.1
43,生産年齢人口,2045,725464,50.2
43,老年人口,1960,127110,6.8
43,老年人口,1965,143664,8.1
43,老年人口,1970,160044,9.4
43,老年人口,1975,182859,10.6
43,老年人口,1980,210051,11.7
43,老年人口,1985,241855,13.1
43,老年人口,1990,284017,15.4
43,老年人口,1995,340924,18.3
43,老年人口,2000,396020,21.2
43,老年人口,2005,437244,23.7
43,老年人口,2010,463266,25.4
43,老年人口,2015,511484,28.6
43,老年人口,2020,549629,31.5
43,老年人口,2025,561922,33.2
43,老年人口,2030,560533,34.2
43,老年人口,2035,551375,34.9
43,老年人口,2040,547845,36.2
43,老年人口,2045,535771,37.1
44,総人口,1960,1239655,
44,総人口,1965,1187480,
44,総人口,1970,1155566,
44,総人口,1975,1190314,
44,総人口,1980,1228913,
44,総人口,1985,1250214,
44,総人口,1990,1236942,
44,総人口,1995,1231306,
44,総人口,2000,1221140,
44,総人口,2005,1209571,
44,総人口,2010,1196529,
44,総人口,2015,1166338,
44,総人口,2020,1130771,
44,総人口,2025,1089084,
44,総人口,2030,1044038,
44,総人口,2035,996732,
44,総人口,2040,946917,
44,総人口,2045,896653,
44,年少人口,1960,405103,32.6
44,年少人口,1965,329717,27.7
44,年少人口,1970,279605,24.1
44,年少人口,1975,274612,23.0
44,年少人口,1980,276390,22.4
44,年少人口,1985,266502,21.3
44,年少人口,1990,231265,18.6
44,年少人口,1995,200909,16.3
44,年少人口,2000,179439,14.6
44,年少人口,2005,164541,13.6
44,年少人口,2010,155634,13.0
44,年少人口,2015,146413,12.5
44,年少人口,2020,139099,12.3
44,年少人口,2025,128920,11.8
44,年少人口,2030,119767,11.4
44,年少人口,2035,111412,11.1
44,年少人口,2040,105073,11.0
44,年少人口,2045,99257,11.0
44,生産年齢人口,1960,746271,60.1
44,生産年齢人口,1965,759450,63.9
44,生産年齢人口,1970,766049,66.2
44,生産年齢人口,1975,789878,66.3
44,生産年齢人口,1980,808130,65.7
44,生産年齢人口,1985,819891,65.5
44,生産年齢人口,1990,812665,65.6
44,生産年齢人口,1995,801035,65.0
44,生産年齢人口,2000,774403,63.4
44,生産年齢人口,2005,748872,61.9
44,生産年齢人口,2010,717319,59.9
44,生産年齢人口,2015,657169,56.3
44,生産年齢人口,2020,615668,54.4
44,生産年齢人口,2025,581021,53.3
44,生産年齢人口,2030,552367,52.9
44,生産年齢人口,2035,522980,52.4
44,生産年齢人口,2040,481160,50.8
44,生産年齢人口,2045,444584,49.5
44,老年人口,1960,88281,7.1
44,老年人口,1965,98313,8.2
44,老年人口,1970,109912,9.5
44,老年人口,1975,125669,10.5
44,老年人口,1980,144240,11.7
44,老年人口,1985,163746,13.0
44,老年人口,1990,191441,15.4
44,老年人口,1995,229076,18.6
44,老年人口,2000,265901,21.7
44,老年人口,2005,292805,24.2
44,老年人口,2010,316750,26.4
44,老年人口,2015,351745,30.1
44,老年人口,2020,376004,33.2
44,老年人口,2025,379143,34.8
44,老年人口,2030,371904,35.6
44,老年人口,2035,362340,36.3
44,老年人口,2040,360684,38.0
44,老年人口,2045,352812,39.3
45,総人口,1960,1134590,
45,総人口,1965,1080692,
45,総人口,1970,1051105,
45,総人口,1975,1085055,
45,総人口,1980,1151587,
45,総人口,1985,1175543,
45,総人口,1990,1168907,
45,総人口,1995,1175819,
45,総人口,2000,1170007,
45,総人口,2005,1153042,
45,総人口,2010,1135233,
45,総人口,2015,1104069,
45,総人口,2020,1066719,
45,総人口,2025,1023170,
45,総人口,2030,976626,
45,総人口,2035,928034,
45,総人口,2040,876863,
45,総人口,2045,824806,
45,年少人口,1960,405950,35.7
45,年少人口,1965,335056,31.0
45,年少人口,1970,278242,26.4
45,年少人口,1975,265987,24.5
45,年少人口,1980,273766,23.7
45,年少人口,1985,270084,22.9
45,年少人口,1990,239738,20.5
45,年少人口,1995,210806,17.9
45,年少人口,2000,187431,16.0
45,年少人口,2005,169075,14.6
45,年少人口,2010,158588,13.9
45,年少人口,2015,149608,13.5
45,年少人口,2020,142582,13.3
45,年少人口,2025,132392,12.9
45,年少人口,2030,122197,12.5
45,年少人口,2035,112605,12.1
45,年少人口,2040,104925,11.9
45,年少人口,2045,97973,11.8
45,生産年齢人口,1960,661023,58.2
45,生産年齢人口,1965,668656,61.8
45,生産年齢人口,1970,684091,65.0
45,生産年齢人口,1975,716077,65.9
45,生産年齢人口,1980,757074,65.7
45,生産年齢人口,1985,764617,65.0
45,生産年齢人口,1990,761368,65.1
45,生産年齢人口,1995,760751,64.6
45,生産年齢人口,2000,740401,63.2
45,生産年齢人口,2005,712527,61.7
45,生産年齢人口,2010,680854,59.9
45,生産年齢人口,2015,622544,56.3
45,生産年齢人口,2020,573889,53.7
45,生産年齢人口,2025,532963,52.0
45,生産年齢人口,2030,500317,51.2
45,生産年齢人口,2035,471452,50.8
45,生産年齢人口,2040,432511,49.3
45,生産年齢人口,2045,397299,48.1
45,老年人口,1960,67617,5.9
45,老年人口,1965,76980,7.1
45,老年人口,1970,88772,8.4
45,老年人口,1975,102923,9.4
45,老年人口,1980,120638,10.4
45,老年人口,1985,140747,11.9
45,老年人口,1990,166539,14.2
45,老年人口,1995,204222,17.3
45,老年人口,2000,241754,20.6
45,老年人口,2005,270586,23.4
45,老年人口,2010,291301,25.6
45,老年人口,2015,322975,29.2
45,老年人口,2020,350248,32.8
45,老年人口,2025,357815,34.9
45,老年人口,2030,354112,36.2
45,老年人口,2035,343977,37.0
45,老年人口,2040,339427,38.7
45,老年人口,2045,329534,39.9
46,総人口,1960,1963104,
46,総人口,1965,1853541,
46,総人口,1970,1729150,
46,総人口,1975,1723902,
46,総人口,1980,1784623,
46,総人口,1985,1819270,
46,総人口,1990,1797824,
46,総人口,1995,1794224,
46,総人口,2000,1786194,
46,総人口,2005,1753179,
46,総人口,2010,1706242,
46,総人口,2015,1648177,
46,総人口,2020,1583263,
46,総人口,2025,1510970,
46,総人口,2030,1436753,
46,総人口,2035,1361575,
46,総人口,2040,1284036,
46,総人口,2045,1204146,
46,年少人口,1960,718263,36.5
46,年少人口,1965,594204,32.0
46,年少人口,1970,468966,27.1
46,年少人口,1975,410228,23.7
46,年少人口,1980,399511,22.3
46,年少人口,1985,393154,21.6
46,年少人口,1990,357453,19.8
46,年少人口,1995,319918,17.8
46,年少人口,2000,280717,15.7
46,年少人口,2005,252285,14.3
46,年少人口,2010,233379,13.6
46,年少人口,2015,220751,13.3
46,年少人口,2020,210039,13.2
46,年少人口,2025,195052,12.9
46,年少人口,2030,179168,12.4
46,年少人口,2035,164225,12.0
46,年少人口,2040,151622,11.8
46,年少人口,2045,139987,11.6
46,生産年齢人口,1960,1103720,56.2
46,生産年齢人口,1965,1102221,59.4
46,生産年齢人口,1970,1085707,62.7
46,生産年齢人口,1975,1114775,64.6
46,生産年齢人口,1980,1158216,64.8
46,生産年齢人口,1985,1168410,64.2
46,生産年齢人口,1990,1139774,63.3
46,生産年齢人口,1995,1120432,62.4
46,生産年齢人口,2000,1101401,61.6
46,生産年齢人口,2005,1065960,60.8
46,生産年齢人口,2010,1016150,59.5
46,生産年齢人口,2015,929758,56.4
46,生産年齢人口,2020,854859,53.9
46,生産年齢人口,2025,784686,51.9
46,生産年齢人口,2030,730481,50.8
46,生産年齢人口,2035,682993,50.1
46,生産年齢人口,2040,626685,48.8
46,生産年齢人口,2045,572976,47.5
46,老年人口,1960,141121,7.1
46,老年人口,1965,157116,8.4
46,老年人口,1970,174477,10.0
46,老年人口,1975,198770,11.5
46,老年人口,1980,226853,12.7
46,老年人口,1985,257638,14.1
46,老年人口,1990,298904,16.6
46,老年人口,1995,353857,19.7
46,老年人口,2000,403239,22.5
46,老年人口,2005,434559,24.7
46,老年人口,2010,449692,26.3
46,老年人口,2015,479734,29.1
46,老年人口,2020,518365,32.7
46,老年人口,2025,531232,35.1
46,老年人口,2030,527104,36.6
46,老年人口,2035,514357,37.7
46,老年人口,2040,505729,39.3
46,老年人口,2045,491183,40.7
47,総人口,1960,883122,
47,総人口,1965,934176,
47,総人口,1970,945111,
47,総人口,1975,1042572,
47,総人口,1980,1106559,
47,総人口,1985,1179097,
47,総人口,1990,1222398,
47,総人口,1995,1273440,
47,総人口,2000,1318220,
47,総人口,2005,1361594,
47,総人口,2010,1392818,
47,総人口,2015,1433566,
47,総人口,2020,1459570,
47,総人口,2025,1468236,
47,総人口,2030,1469847,
47,総人口,2035,1465761,
47,総人口,2040,1452321,
47,総人口,2045,1428305,
47,年少人口,1960,367553,41.6
47,年少人口,1965,363048,38.8
47,年少人口,1970,329322,34.8
47,年少人口,1975,326538,31.3
47,年少人口,1980,325393,29.4
47,年少人口,1985,322523,27.3
47,年少人口,1990,299836,24.5
47,年少人口,1995,281302,22.0
47,年少人口,2000,264279,20.0
47,年少人口,2005,254203,18.6
47,年少人口,2010,246313,17.6
47,年少人口,2015,247206,17.2
47,年少人口,2020,248865,17.0
47,年少人口,2025,242835,16.5
47,年少人口,2030,235018,15.9
47,年少人口,2035,228171,15.5
47,年少人口,2040,223798,15.4
47,年少人口,2045,218111,15.2
47,生産年齢人口,1960,467269,52.9
47,生産年齢人口,1965,516288,55.2
47,生産年齢人口,1970,553486,58.5
47,生産年齢人口,1975,642115,61.5
47,生産年齢人口,1980,694174,62.7
47,生産年齢人口,1985,754119,63.9
47,生産年齢人口,1990,793287,64.8
47,生産年齢人口,1995,842752,66.1
47,生産年齢人口,2000,861826,65.3
47,生産年齢人口,2005,888046,65.2
47,生産年齢人口,2010,897960,64.4
47,生産年齢人口,2015,892109,62.2
47,生産年齢人口,2020,880597,60.3
47,生産年齢人口,2025,863752,58.8
47,生産年齢人口,2030,850472,57.8
47,生産年齢人口,2035,830504,56.6
47,生産年齢人口,2040,792187,54.5
47,生産年齢人口,2045,761952,53.3
47,老年人口,1960,48171,5.4
47,老年人口,1965,54789,5.8
47,老年人口,1970,62303,6.5
47,老年人口,1975,72539,6.9
47,老年人口,1980,85819,7.7
47,老年人口,1985,101947,8.6
47,老年人口,1990,121082,9.9
47,老年人口,1995,148567,11.6
47,老年人口,2000,182557,13.8
47,老年人口,2005,218897,16.0
47,老年人口,2010,240507,17.2
47,老年人口,2015,278337,19.4
47,老年人口,2020,330108,22.6
47,老年人口,2025,361649,24.6
47,老年人口,2030,384357,26.1
47,老年人口,2035,407086,27.7
47,老年人口,2040,436336,30.0
47,老年人口,2045,448242,31.3
